기업명,설립연도,매출액,사원수,업종분류,기업규모,주소,기업 홈페이지 URL
서커스컴퍼니,2012년 11월 20일,17억 563만원 (2022),20 명 재직중,소프트웨어·솔루션·ASP,중소기업,"서울특별시 강남구 학동로82길 7 (삼성동,HYUN빌딩) 2층지도보기",//www.circusar.com/
만나플래닛,2016년 4월 20일,"141억 9,493만원 (2022)",134 명 재직중,소프트웨어·솔루션·ASP,중소기업,"서울특별시 구로구 경인로 661 104동 905호 (신도림동,신도림1차푸르지오)지도보기",//www.manna-planet.com
미트박스글로벌,2014년 5월 19일,"552억 1,702만원 (2022)",69 명 재직중,쇼핑몰·전자상거래·오픈마켓,중소기업,경기 성남시 분당구 삼평동 판교우림더블유시티 703호 .지도보기,//www.meatbox.co.kr
마크비전코리아,2019년 12월 12일,-,100 명 재직중,소프트웨어·솔루션·ASP,중소기업,"서울특별시 강남구 테헤란로 427 6층 (삼성동,위워크타워)지도보기",//www.marqvision.com
위시빈,2018년 2월 23일,749만원 (2022),20 명 재직중,인터넷·포털·컨텐츠·게임,중소기업,"서울특별시 중구 남대문로7길 16 (소공동,소공 한국빌딩) 5층지도보기",//www.wishbeen.co.kr/
비에이치에스엔,2010년 6월 1일,"22억 7,876만원 (2022)",13 명 재직중,소프트웨어·솔루션·ASP,중소기업,"서울특별시 종로구 창경궁로 112-15 201호 (인의동,세일빌딩)지도보기",//www.bhskorea.com
퀀텀유니버스,2020년 8월 4일,"7억 5,094만원 (2022)",19 명 재직중,소프트웨어·솔루션·ASP,중소기업,,
미트박스글로벌,2014년 5월 19일,"552억 1,702만원 (2022)",69 명 재직중,쇼핑몰·전자상거래·오픈마켓,중소기업,경기 성남시 분당구 삼평동 판교우림더블유시티 703호 .지도보기,//www.meatbox.co.kr
커리어데이,2021년 7월 12일,"8,338만원 (2022)",6 명 재직중,사무지원·콜센터·텔레마케팅,중소기업,,
마켓디자이너스,2017년 2월 9일,"89억 6,636만원 (2022)",80 명 재직중,시장조사·여론조사·경영컨설팅,중소기업,"서울특별시 강남구 테헤란로20길 9 (역삼동,동궁빌딩) 13층지도보기",//www.marketdesigners.com
하이,2005년 2월 4일,"5,598억 1,354만원 (2022)",743 명 재직중,문화·스포츠·엔터테인먼트,중견기업,서울특별시 용산구 한강대로 42 (한강로3가)지도보기,//hybecorp.com/www.hybe.co
씨드로닉스,2015년 12월 1일,-,-,기계·조선·자동차·운송장비,중소기업,서울특별시 강남구 테헤란로20길 20 삼정빌딩 3층 씨드로닉스 (역삼동)지도보기,//www.seadronix.com
하이,2005년 2월 4일,"5,598억 1,354만원 (2022)",743 명 재직중,문화·스포츠·엔터테인먼트,중견기업,서울특별시 용산구 한강대로 42 (한강로3가)지도보기,//hybecorp.com/www.hybe.co
한국모바일결제,2020년 11월 30일,-,-,소프트웨어·솔루션·ASP,소기업,"서울특별시 강남구 테헤란로2길 27 14층(역삼동,패스트파이브빌딩)지도보기",//www.baroapp.co.kr
엠포스,2000년 11월 17일,"200억 5,269만원 (2022)",237 명 재직중,방송·광고·영상·오디오,중소기업,"강남구 논현1동 204-5번지 MJL빌딩 7층 4층 (방배동,한샘방배빌딩)지도보기",//www.emforce.co.kr
크리스틴컴퍼니,2019년 8월 9일,"7억 2,108만원 (2022)",5 명 재직중,가죽·가방·신발,중소기업,"경상남도 김해시 주촌면 골든루트로 80-16 1층 1호 (농소리,김해창업혁신센터)지도보기",//www.kristinkorea.com
헤세그,2020년 3월 26일,2억 100만원 (2022),8 명 재직중,소프트웨어·솔루션·ASP,중소기업,"서울특별시 서초구 매헌로6길 15 4층 (양재동,두루빌딩)지도보기",//www.hessegg.com
어니컴,1998년 9월 8일,260억 67만원 (2022),415 명 재직중,모바일·무선,중소기업,"서울특별시 용산구 두텁바위로 21 5층 (갈월동,어니컴빌딩)지도보기",//www.onycom.com
헤세그,2020년 3월 26일,2억 100만원 (2022),8 명 재직중,소프트웨어·솔루션·ASP,중소기업,"서울특별시 서초구 매헌로6길 15 4층 (양재동,두루빌딩)지도보기",//www.hessegg.com
어니컴,1998년 9월 8일,260억 67만원 (2022),415 명 재직중,모바일·무선,중소기업,"서울특별시 용산구 두텁바위로 21 5층 (갈월동,어니컴빌딩)지도보기",//www.onycom.com
오늘의작업장,2022년 12월 15일,-,-,소프트웨어·솔루션·ASP,중소기업,,
누리랩,2015년 3월 3일,"22억 3,434만원 (2022)",24 명 재직중,소프트웨어·솔루션·ASP,중소기업,"서울 영등포구 영신로 220 1306호 (영등포동8가,KnK디지털타워)지도보기",//wwww.nurilab.com
법틀,2017년 7월 18일,"15억 5,433만원 (2022)",16 명 재직중,소프트웨어·솔루션·ASP,중소기업,"서울특별시 성동구 뚝섬로17가길 48 1007호 (성수동2가,성수에이원센터)지도보기",//www.buptle.com
마이크로프로텍트,2020년 3월 26일,-,7 명 재직중,보험·연금,중소기업,,
피에로컴퍼니,2020년 2월 11일,"4억 5,000만원 (2023)",10 명 재직중,네트워크·통신,중소기업,서울특별시 강남구 선릉로93길 40 소셜벤처허브 3층 (역삼동)지도보기,//www.phonego.co.kr
마켓디자이너스,2017년 2월 9일,"89억 6,636만원 (2022)",80 명 재직중,시장조사·여론조사·경영컨설팅,중소기업,"서울특별시 강남구 테헤란로20길 9 (역삼동,동궁빌딩) 13층지도보기",//www.marketdesigners.com
더블유클럽,2021년 2월 22일,"42억 1,616만원 (2022)",10 명 재직중,소프트웨어·솔루션·ASP,중소기업,,
벨루가브루어리,2017년 1월 19일,"3억 8,010만원 (2022)",-,인터넷·포털·컨텐츠·게임,중소기업,서울 마포구 독막로 79 1층 (상수동)지도보기,//veluga.kr
에임(AIM),2015년 6월 11일,-,22 명 재직중,교육기관,소기업,,
인터엑스,2010년 7월 30일,"13억 2,825만원 (2022)",11 명 재직중,소프트웨어·솔루션·ASP,중소기업,경기 성남시 분당구 수내동 20-2 초림프라자 308호지도보기,//www.interxsoft.com
스펙터,2020년 6월 1일,"2,014만원 (2022)",25 명 재직중,웹에이젼시·IT컨설팅,중소기업,서울특별시 강남구 테헤란로7길 22 9층 (역삼동)지도보기,//www.specter.co.kr
에쓰오씨소프트,1984년 4월 26일,"108억 3,359만원 (2022)",29 명 재직중,소프트웨어·솔루션·ASP,중소기업,"서울특별시 구로구 디지털로 272 704호 (구로동,한신아이티타워)지도보기",//www.mapinfo.co.kr
니어브레인,2022년 2월 17일,-,4 명 재직중,소프트웨어·솔루션·ASP,중소기업,,
인터엑스,2010년 7월 30일,"13억 2,825만원 (2022)",11 명 재직중,소프트웨어·솔루션·ASP,중소기업,경기 성남시 분당구 수내동 20-2 초림프라자 308호지도보기,//www.interxsoft.com
한국모바일결제,2020년 11월 30일,-,-,소프트웨어·솔루션·ASP,소기업,"서울특별시 강남구 테헤란로2길 27 14층(역삼동,패스트파이브빌딩)지도보기",//www.baroapp.co.kr
한국모바일결제,2020년 11월 30일,-,-,소프트웨어·솔루션·ASP,소기업,"서울특별시 강남구 테헤란로2길 27 14층(역삼동,패스트파이브빌딩)지도보기",//www.baroapp.co.kr
구름,2011년 7월 29일,"16억 8,494만원 (2021)",30 명 재직중,소매,중소기업,"서울 송파구 백제고분로41길 40 401호 (송파동,부영빌딩)지도보기",//www.goorm.co
디케이테크인,2009,-,-,전기·전자·반도체,소기업,,
휴런,2003년 3월 28일,"5억 3,672만원 (2015)",8 명 재직중,금융상품중개업,중소기업,,
지엔,2018년 1월 22일,"11억 9,989만원 (2022)",14 명 재직중,도매·상품중개,중소기업,"경기도 하남시 미사대로 540 (덕풍동,현대지식산업센터 한강미사2차(26BL)) B동 610호지도보기",//www.gncauto.com
더블유클럽,2021년 2월 22일,"42억 1,616만원 (2022)",10 명 재직중,소프트웨어·솔루션·ASP,중소기업,,
휴맥스모빌리티,-,-,-,기계장비·운송장비임대,중소기업,,
인터엑스,2010년 7월 30일,"13억 2,825만원 (2022)",11 명 재직중,소프트웨어·솔루션·ASP,중소기업,경기 성남시 분당구 수내동 20-2 초림프라자 308호지도보기,//www.interxsoft.com
럭스소프트코리아,2018년 12월 14일,-,44 명 재직중,소프트웨어·솔루션·ASP,중소기업,,
에쓰오씨소프트,1984년 4월 26일,"108억 3,359만원 (2022)",29 명 재직중,소프트웨어·솔루션·ASP,중소기업,"서울특별시 구로구 디지털로 272 704호 (구로동,한신아이티타워)지도보기",//www.mapinfo.co.kr
디케이테크인,2009,-,-,전기·전자·반도체,소기업,,
인터엑스,2010년 7월 30일,"13억 2,825만원 (2022)",11 명 재직중,소프트웨어·솔루션·ASP,중소기업,경기 성남시 분당구 수내동 20-2 초림프라자 308호지도보기,//www.interxsoft.com
인터엑스,2010년 7월 30일,"13억 2,825만원 (2022)",11 명 재직중,소프트웨어·솔루션·ASP,중소기업,경기 성남시 분당구 수내동 20-2 초림프라자 308호지도보기,//www.interxsoft.com
알지티,-,-,9 명 재직중,전기·전자·반도체,,,
알지티,-,-,9 명 재직중,전기·전자·반도체,,,
우리엔,2007년 3월 26일,"1조 7,677억 7,581만원 (2022)","1,766 명 재직중",인터넷·포털·컨텐츠·게임,중견기업,"서울특별시 강남구 테헤란로 231 (역삼동,센터필드) EAST타워 28-35층지도보기",//www.krafton.com
에이에프아이,2017년 9월 22일,"6억 7,717만원 (2022)",15 명 재직중,인터넷·포털·컨텐츠·게임,중소기업,서울특별시 성동구 아차산로 110 성수동2가 성광빌딩 4층 AFI지도보기,//www.afidev.com
블루닷,2020년 11월 25일,-,-,교육기관,소기업,,
와인루트,2021년 3월 31일,-,2 명 재직중,쇼핑몰·전자상거래·오픈마켓,중소기업,,
무신사,2012년 6월 25일,"6,451억 6,211만원 (2022)","1,354 명 재직중",언론·출판·신문·잡지,중견기업,"서울특별시 성동구 아차산로 38 (성수동1가,개풍빌딩)지도보기",//www.musinsa.com
블루닷,2020년 11월 25일,-,-,교육기관,소기업,,
블루닷,2020년 11월 25일,-,-,교육기관,소기업,,
블루닷,2020년 11월 25일,-,-,교육기관,소기업,,
인터엑스,2010년 7월 30일,"13억 2,825만원 (2022)",11 명 재직중,소프트웨어·솔루션·ASP,중소기업,경기 성남시 분당구 수내동 20-2 초림프라자 308호지도보기,//www.interxsoft.com
바텍,1992년 11월 23일,"238억 9,148만원 (2022)",111 명 재직중,전기·전자·반도체,중소기업,경북 구미시 공단동 293번지지도보기,//www.khvatec.com
블루닷,2020년 11월 25일,-,-,교육기관,소기업,,
디어유,2017년 7월 4일,"491억 9,386만원 (2022)",95 명 재직중,소프트웨어·솔루션·ASP,대기업,서울특별시 강남구 학동로25길 37 (논현동)지도보기,//www.dear-u.co
블루닷,2020년 11월 25일,-,-,교육기관,소기업,,
마크비전코리아,2019년 12월 12일,-,100 명 재직중,소프트웨어·솔루션·ASP,중소기업,"서울특별시 강남구 테헤란로 427 6층 (삼성동,위워크타워)지도보기",//www.marqvision.com
마크비전코리아,2019년 12월 12일,-,100 명 재직중,소프트웨어·솔루션·ASP,중소기업,"서울특별시 강남구 테헤란로 427 6층 (삼성동,위워크타워)지도보기",//www.marqvision.com
딥바이오,2015년 10월 8일,"4,137만원 (2022)",47 명 재직중,연구개발업,중소기업,"서울특별시 구로구 디지털로 242 1201호 (구로동,한화비즈메트로1차)지도보기",//www.deepbio.co.kr
일루니,2010년 9월 17일,11억 315만원 (2022),5 명 재직중,전기·전자·반도체,중소기업,"경기 부천시 석천로 397 101동 1211호 (삼정동,부천테크노파크쌍용3차)지도보기",//www.dl-ing.co.kr
리콘랩스,2019년 11월 14일,"2억 9,179만원 (2022)",40 명 재직중,소프트웨어·솔루션·ASP,중소기업,서울특별시 강남구 학동로53길 30 (논현동)지도보기,//reconlabs.kr
다보링크,2019년 10월 17일,"775억 4,550만원 (2021)",86 명 재직중,전기·전자·반도체,중소기업,경기도 안양시 동안구 벌말로 112 (관양동)지도보기,//www.davolink.co.kr
이노버스,2022년 1월 10일,"3억 2,789만원 (2022)",8 명 재직중,제조업기타,중소기업,서울특별시 영등포구 당산로28길 4 (당산동3가) 송암빌딩 4층 이노버스지도보기,//www.inobus.co.kr
백금티앤에이,1996년 12월 17일,633억 887만원 (2022),60 명 재직중,전기·전자·반도체,중소기업,"경기도 군포시 엘에스로 153-18 4,5,6층 (산본동)지도보기",//www.bgtna.com
가온브로드밴드,2020년 7월 3일,"2,349억 3,281만원 (2022)",142 명 재직중,제조업기타,중견기업,"경기도 성남시 분당구 성남대로 884-3 2층 (야탑동,가온미디어빌딩)지도보기",//www.kaonbroadband.com
휴먼아이씨티,2011년 8월 8일,22억 373만원 (2022),22 명 재직중,소프트웨어·솔루션·ASP,중소기업,"서울특별시 강남구 강남대로 310 1008호 (역삼동,유니온센터)지도보기",//www.hictc.com
아이투맥스,2003년 1월 17일,271억 529만원 (2022),191 명 재직중,소프트웨어·솔루션·ASP,중소기업,"서울특별시 마포구 마포대로 137 6층 (공덕동,KPX빌딩)지도보기",//www.i2max.co.kr
쉬모스랩,2017년 6월 1일,"2억 2,833만원 (2022)",9 명 재직중,소프트웨어·솔루션·ASP,중소기업,서울특별시 강남구 논현로26길 21 3층 (도곡동)지도보기,//www.schmosslab.com
마켓디자이너스,2017년 2월 9일,"89억 6,636만원 (2022)",80 명 재직중,시장조사·여론조사·경영컨설팅,중소기업,"서울특별시 강남구 테헤란로20길 9 (역삼동,동궁빌딩) 13층지도보기",//www.marketdesigners.com
브로즈,2022년 12월 15일,"7,000만원",8 명 재직중,소프트웨어·솔루션·ASP,중소기업,경기도 성남시 수정구 청계산로 686 (고등동) 반도아이비밸리 818호지도보기,//www.seoulbroz.com
모요,2021년 10월 1일,"1조 4,207억 7,900만원 (2022)",783 명 재직중,건설·건축·토목·조경,대기업,서울특별시 강서구 마곡중앙로 150 (마곡동)지도보기,//www.xicna.com
룩코,2023년 10월 19일,-,-,유통,소기업,,
펄송,2017년 2월 21일,"8억 6,807만원 (2022)",18 명 재직중,기계·조선·자동차·운송장비,중소기업,"대전광역시 유성구 대학로 179 2동 1층 (궁동,디-브리지 공유오피스)지도보기",//www.lavviebot.com
딥바이오,2015년 10월 8일,"4,137만원 (2022)",47 명 재직중,연구개발업,중소기업,"서울특별시 구로구 디지털로 242 1201호 (구로동,한화비즈메트로1차)지도보기",//www.deepbio.co.kr
와들,2021년 3월 16일,-,5 명 재직중,섬유·의복·모피,소기업,,
월급쟁이부자들,2018년 3월 27일,"239억 9,393만원 (2022)",-,교육기관,중소기업,서울특별시 강남구 역삼1동 834-8번지 2층지도보기,//cafe.naver.com/wecando7
플레져,2010년 2월 4일,-,-,교육기관,소기업,경기 수원시 팔달구 화서동 150-3 2층지도보기,//cafe.naver.com/ipleasurejunglegym
딥바이오,2015년 10월 8일,"4,137만원 (2022)",47 명 재직중,연구개발업,중소기업,"서울특별시 구로구 디지털로 242 1201호 (구로동,한화비즈메트로1차)지도보기",//www.deepbio.co.kr
디어유,2017년 7월 4일,"491억 9,386만원 (2022)",95 명 재직중,소프트웨어·솔루션·ASP,대기업,서울특별시 강남구 학동로25길 37 (논현동)지도보기,//www.dear-u.co
지엔에이컴퍼니,2020년 9월 28일,"21억 1,525만원 (2022)",23 명 재직중,소프트웨어·솔루션·ASP,중소기업,"충청남도 아산시 음봉면 산동안길 14 1층 (산동리,씨-스테이션)지도보기",//www.playio.kr
벨루가브루어리,2017년 1월 19일,"3억 8,010만원 (2022)",-,인터넷·포털·컨텐츠·게임,중소기업,서울 마포구 독막로 79 1층 (상수동)지도보기,//veluga.kr
스쿨버스,2018년 4월 27일,"12억 1,399만원 (2022)",42 명 재직중,육상운송,중소기업,"서울특별시 강서구 마곡중앙8로1길 26 (마곡동,(주)캐스트윈마곡신사옥)지도보기",//www.safeschoolbus.net
알고케어,2019년 11월 15일,"5,044만원 (2022)",-,연구개발업,중소기업,,
탈잉,2016년 11월 21일,"44억 2,277만원 (2022)",9 명 재직중,교육·연구및개발,중소기업,"서울특별시 강남구 선릉로 551 5층 (역삼동,새롬빌딩)지도보기",//taling.me
로이드케이,2011년 4월 6일,83억 251만원 (2022),20 명 재직중,소프트웨어·솔루션·ASP,중소기업,경기도 성남시 수정구 위례서일로 6 201~203호 (창곡동)지도보기,//lloydk.co.kr
더블유클럽,2021년 2월 22일,"42억 1,616만원 (2022)",10 명 재직중,소프트웨어·솔루션·ASP,중소기업,,
스트레스솔루션,2022년 1월 20일,-,5 명 재직중,연구개발업,중소기업,,
한국모바일결제,2020년 11월 30일,-,-,소프트웨어·솔루션·ASP,소기업,"서울특별시 강남구 테헤란로2길 27 14층(역삼동,패스트파이브빌딩)지도보기",//www.baroapp.co.kr
제로엑스플로우,2017년 7월 3일,"2억 1,873만원 (2022)",10 명 재직중,소프트웨어·솔루션·ASP,중소기업,"서울특별시 마포구 마포대로 122 16층 (공덕동,프론트원빌딩)지도보기",//1hour.ai/
왓타임,2021년 9월 10일,-,1 명 재직중,소프트웨어·솔루션·ASP,중소기업,,
컬리,2014년 12월 31일,"2조 335억 9,450만원 (2022)","2,867 명 재직중",도매·상품중개,중견기업,"서울특별시 강남구 테헤란로 133 (역삼동,한국타이어빌딩)지도보기",//www.kurly.com
인스피언,2009년 6월 15일,"132억 2,695만원 (2022)",85 명 재직중,언론·출판·신문·잡지,중소기업,"서울특별시 금천구 벚꽃로 278 1012호 (가산동,에스제이테크노빌)지도보기",//www.inspien.co.kr
누트컴퍼니,2018년 12월 16일,"1억 7,697만원 (2022)",13 명 재직중,쇼핑몰·전자상거래·오픈마켓,중소기업,,
무신사,2012년 6월 25일,"6,451억 6,211만원 (2022)","1,354 명 재직중",언론·출판·신문·잡지,중견기업,"서울특별시 성동구 아차산로 38 (성수동1가,개풍빌딩)지도보기",//www.musinsa.com
월급쟁이부자들,2018년 3월 27일,"239억 9,393만원 (2022)",-,교육기관,중소기업,서울특별시 강남구 역삼1동 834-8번지 2층지도보기,//cafe.naver.com/wecando7
가이던스,2000년 7월 14일,"29억 1,334만원 (2016)",34 명 재직중,제조업기타,중소기업,"경기도 성남시 분당구 판교로255번길 9-22 8층 (삼평동,우림더블유시티)지도보기",//www.guidance.co.kr
엠지알브이,2018년 10월 1일,"155억 8,548만원 (2022)",87 명 재직중,부동산업,중소기업,서울 성동구 왕십리로 115 헤이그라운드 서울숲점 5층 지504호 (성수동1가)지도보기,//www.mgrv.company
구름,2011년 7월 29일,"16억 8,494만원 (2021)",30 명 재직중,소매,중소기업,"서울 송파구 백제고분로41길 40 401호 (송파동,부영빌딩)지도보기",//www.goorm.co
브레이브컴퍼니,2020년 11월 20일,"35억 7,782만원 (2022)",3 명 재직중,쇼핑몰·전자상거래·오픈마켓,중소기업,"서울특별시 강남구 강남대로106길 29 2층 (역삼동,유니켐)지도보기",//www.bravecompany.kr/
모요,2021년 10월 1일,"1조 4,207억 7,900만원 (2022)",783 명 재직중,건설·건축·토목·조경,대기업,서울특별시 강서구 마곡중앙로 150 (마곡동)지도보기,//www.xicna.com
에임(AIM),2015년 6월 11일,-,22 명 재직중,교육기관,소기업,,
컬리,2014년 12월 31일,"2조 335억 9,450만원 (2022)","2,867 명 재직중",도매·상품중개,중견기업,"서울특별시 강남구 테헤란로 133 (역삼동,한국타이어빌딩)지도보기",//www.kurly.com
무신사,2012년 6월 25일,"6,451억 6,211만원 (2022)","1,354 명 재직중",언론·출판·신문·잡지,중견기업,"서울특별시 성동구 아차산로 38 (성수동1가,개풍빌딩)지도보기",//www.musinsa.com
무신사,2012년 6월 25일,"6,451억 6,211만원 (2022)","1,354 명 재직중",언론·출판·신문·잡지,중견기업,"서울특별시 성동구 아차산로 38 (성수동1가,개풍빌딩)지도보기",//www.musinsa.com
스퀘어스,2021년 9월 1일,"10억 6,862만원 (2022)",7 명 재직중,소프트웨어·솔루션·ASP,중소기업,"서울특별시 중구 수표로 45 (저동2가,비즈센터) 608호지도보기",//www.squares.ai
핌아시아,2014년 5월 1일,"74억 1,269만원 (2017)",55 명 재직중,소매,중소기업,"서울특별시 강남구 테헤란로114길 16 2층 및 3층(대치동,동남빌딩)지도보기",//www.thirtymall.com/
딥세일즈,2021년 11월 8일,"9억 1,254만원 (2023)",14 명 재직중,소프트웨어·솔루션·ASP,중소기업,"서울특별시 강남구 테헤란로 518 10층 (대치동,한국섬유산업연합회)지도보기",//deepsales.com/+
에피소든,2021년 2월 4일,-,13 명 재직중,인터넷·포털·컨텐츠·게임,중소기업,,
서커스컴퍼니,2012년 11월 20일,17억 563만원 (2022),20 명 재직중,소프트웨어·솔루션·ASP,중소기업,"서울특별시 강남구 학동로82길 7 (삼성동,HYUN빌딩) 2층지도보기",//www.circusar.com/
핌아시아,2014년 5월 1일,"74억 1,269만원 (2017)",55 명 재직중,소매,중소기업,"서울특별시 강남구 테헤란로114길 16 2층 및 3층(대치동,동남빌딩)지도보기",//www.thirtymall.com/
스페클립스,2015년 11월 5일,"2억 3,700만원 (2022)",5 명 재직중,연구개발업,중소기업,"경기도 성남시 분당구 운중로 123 501,502호(운중동)지도보기",//www.speclipse.com
위시빈,2018년 2월 23일,749만원 (2022),20 명 재직중,인터넷·포털·컨텐츠·게임,중소기업,"서울특별시 중구 남대문로7길 16 (소공동,소공 한국빌딩) 5층지도보기",//www.wishbeen.co.kr/
라텔앤드파트너즈,2020년 7월 9일,"33억 2,945만원 (2021)",36 명 재직중,방송·광고·영상·오디오,중소기업,,
아더월드,2023년 4월 1일,-,-,인터넷·포털·컨텐츠·게임,중소기업,,
웰로,2013년 12월 3일,"2조 3,785억 9,546만원 (2022)","6,962 명 재직중",유통,대기업,경기도 성남시 분당구 구미로 8 (구미동)지도보기,//www.samsungwelstory.com
마켓디자이너스,2017년 2월 9일,"89억 6,636만원 (2022)",80 명 재직중,시장조사·여론조사·경영컨설팅,중소기업,"서울특별시 강남구 테헤란로20길 9 (역삼동,동궁빌딩) 13층지도보기",//www.marketdesigners.com
이노그리드,2006년 10월 4일,"141억 5,015만원 (2022)",189 명 재직중,소프트웨어·솔루션·ASP,중소기업,"서울특별시 서초구 강남대로 623 10층 (잠원동, 우일빌딩)지도보기",//www.innogrid.com
딥세일즈,2021년 11월 8일,"9억 1,254만원 (2023)",14 명 재직중,소프트웨어·솔루션·ASP,중소기업,"서울특별시 강남구 테헤란로 518 10층 (대치동,한국섬유산업연합회)지도보기",//deepsales.com/+
미트박스글로벌,2014년 5월 19일,"552억 1,702만원 (2022)",69 명 재직중,쇼핑몰·전자상거래·오픈마켓,중소기업,경기 성남시 분당구 삼평동 판교우림더블유시티 703호 .지도보기,//www.meatbox.co.kr
아파트아이,2018년 1월 2일,-,2 명 재직중,전기·설비·환경·플랜트,중소기업,,
아이헤이트플라잉버그스,2012년 2월 6일,"131억 5,544만원 (2022)",457 명 재직중,소프트웨어·솔루션·ASP,중소기업,"서울특별시 영등포구 여의대로 108 (여의도동,파크원) 39층지도보기",//mildang.kr/
하이,2005년 2월 4일,"5,598억 1,354만원 (2022)",743 명 재직중,문화·스포츠·엔터테인먼트,중견기업,서울특별시 용산구 한강대로 42 (한강로3가)지도보기,//hybecorp.com/www.hybe.co
엠포스,2000년 11월 17일,"200억 5,269만원 (2022)",237 명 재직중,방송·광고·영상·오디오,중소기업,"강남구 논현1동 204-5번지 MJL빌딩 7층 4층 (방배동,한샘방배빌딩)지도보기",//www.emforce.co.kr
에이치비엠피,2014년 9월 23일,"2억 7,847만원 (2022)",8 명 재직중,사무지원·콜센터·텔레마케팅,중소기업,제주 제주시 이도이동 1176-67번지 제주벤처마루 4층 4층 제주벤처마루 (이도이동)지도보기,//www.teeshot.co.kr
멘티스코,2017년 9월 19일,"19억 4,214만원 (2022)",45 명 재직중,인터넷·포털·컨텐츠·게임,중소기업,서울특별시 강남구 삼성로85길 35-6 목천빌딩 2/3층지도보기,//www.imantisco.com
인터엑스,2010년 7월 30일,"13억 2,825만원 (2022)",11 명 재직중,소프트웨어·솔루션·ASP,중소기업,경기 성남시 분당구 수내동 20-2 초림프라자 308호지도보기,//www.interxsoft.com
법틀,2017년 7월 18일,"15억 5,433만원 (2022)",16 명 재직중,소프트웨어·솔루션·ASP,중소기업,"서울특별시 성동구 뚝섬로17가길 48 1007호 (성수동2가,성수에이원센터)지도보기",//www.buptle.com
이엔티팩토리,2005년 1월 29일,"36억 3,988만원 (2022)",9 명 재직중,인테리어·디자인,중소기업,"서울특별시 종로구 대학로12길 50 6층 (동숭동,마로니빌딩)지도보기",//www.entfactory.com
인디제이,2019년 2월 21일,"7억 3,111만원 (2022)",8 명 재직중,제품·시각디자인,중소기업,광주광역시 북구 동문대로 136 3층 (두암동)지도보기,//indj.net
마켓디자이너스,2017년 2월 9일,"89억 6,636만원 (2022)",80 명 재직중,시장조사·여론조사·경영컨설팅,중소기업,"서울특별시 강남구 테헤란로20길 9 (역삼동,동궁빌딩) 13층지도보기",//www.marketdesigners.com
더블유클럽,2021년 2월 22일,"42억 1,616만원 (2022)",10 명 재직중,소프트웨어·솔루션·ASP,중소기업,,
큐픽스,2015년 8월 19일,28억 419만원 (2022),59 명 재직중,소프트웨어·솔루션·ASP,중소기업,"경기도 성남시 분당구 대왕판교로 670 B동 605호 (삼평동,유스페이스2)지도보기",//www.cupix.com
어라운더블,2020년 3월 11일,"2억 9,825만원 (2022)",5 명 재직중,개인서비스,중소기업,충청남도 천안시 서북구 불당14로 48 5층 (불당동)지도보기,//m.picknpick.co.kr/
유니메오,2017년 4월 13일,"25억 3,688만원 (2022)",33 명 재직중,연구개발업,중소기업,"서울특별시 서초구 강남대로37길 56-18 (서초동,서초에메랄드빌딩) 4F지도보기",//www.unimewo.com/
어라운더블,2020년 3월 11일,"2억 9,825만원 (2022)",5 명 재직중,개인서비스,중소기업,충청남도 천안시 서북구 불당14로 48 5층 (불당동)지도보기,//m.picknpick.co.kr/
어라운더블,2020년 3월 11일,"2억 9,825만원 (2022)",5 명 재직중,개인서비스,중소기업,충청남도 천안시 서북구 불당14로 48 5층 (불당동)지도보기,//m.picknpick.co.kr/
월급쟁이부자들,2018년 3월 27일,"239억 9,393만원 (2022)",-,교육기관,중소기업,서울특별시 강남구 역삼1동 834-8번지 2층지도보기,//cafe.naver.com/wecando7
에이치비엠피,2014년 9월 23일,"2억 7,847만원 (2022)",8 명 재직중,사무지원·콜센터·텔레마케팅,중소기업,제주 제주시 이도이동 1176-67번지 제주벤처마루 4층 4층 제주벤처마루 (이도이동)지도보기,//www.teeshot.co.kr
코넥시오에이치,2020년 3월 25일,"7,431만원 (2022)",15 명 재직중,소프트웨어·솔루션·ASP,중소기업,광주광역시 동구 금남로 193-22 광주AI창업캠프 1호 202호(금남로4가)지도보기,//www.connexioh.net
무신사,2012년 6월 25일,"6,451억 6,211만원 (2022)","1,354 명 재직중",언론·출판·신문·잡지,중견기업,"서울특별시 성동구 아차산로 38 (성수동1가,개풍빌딩)지도보기",//www.musinsa.com
경일게임아카데미,2010년 1월 22일,"2억 8,352만원 (2014)",30 명 재직중,교육·연구및개발,중소기업,"서울특별시 강동구 천호대로 995 제3층1호, 제4층1호 (천호동,금복빌딩)지도보기",//www.kiweb.or.kr
에스티엘,2013년 3월 1일,"6,358억 3,963만원 (2022)","1,694 명 재직중",의약품·의료용품·바이오,중견기업,서울 동대문구 천호대로 64 (용두동)지도보기,//www.donga-st.com
패스트뷰,2021년 8월 11일,-,4 명 재직중,생활용품·화장품,중소기업,,
와인루트,2021년 3월 31일,-,2 명 재직중,쇼핑몰·전자상거래·오픈마켓,중소기업,,
무신사,2012년 6월 25일,"6,451억 6,211만원 (2022)","1,354 명 재직중",언론·출판·신문·잡지,중견기업,"서울특별시 성동구 아차산로 38 (성수동1가,개풍빌딩)지도보기",//www.musinsa.com
에스티엘,2013년 3월 1일,"6,358억 3,963만원 (2022)","1,694 명 재직중",의약품·의료용품·바이오,중견기업,서울 동대문구 천호대로 64 (용두동)지도보기,//www.donga-st.com
선후,2018년 8월 10일,"4억 9,345만원 (2022)",11 명 재직중,전기·전자·반도체,중소기업,,
일루니,2010년 9월 17일,11억 315만원 (2022),5 명 재직중,전기·전자·반도체,중소기업,"경기 부천시 석천로 397 101동 1211호 (삼정동,부천테크노파크쌍용3차)지도보기",//www.dl-ing.co.kr
업템포글로벌,2020년 1월 20일,"32억 4,689만원 (2022)",50 명 재직중,연구개발업,중소기업,"서울특별시 강남구 선릉로99길 9 2층 (역삼동,영성빌딩)지도보기",//www.uptempoglobal.com
에이엘에이엔,2016년 10월 12일,-,5 명 재직중,소프트웨어·솔루션·ASP,중소기업,서울특별시 강남구 학동로6길 7 301호(논현동)지도보기,//www.alancorp.net
아이투맥스,2003년 1월 17일,271억 529만원 (2022),191 명 재직중,소프트웨어·솔루션·ASP,중소기업,"서울특별시 마포구 마포대로 137 6층 (공덕동,KPX빌딩)지도보기",//www.i2max.co.kr
무신사,2012년 6월 25일,"6,451억 6,211만원 (2022)","1,354 명 재직중",언론·출판·신문·잡지,중견기업,"서울특별시 성동구 아차산로 38 (성수동1가,개풍빌딩)지도보기",//www.musinsa.com
에스티엘,2013년 3월 1일,"6,358억 3,963만원 (2022)","1,694 명 재직중",의약품·의료용품·바이오,중견기업,서울 동대문구 천호대로 64 (용두동)지도보기,//www.donga-st.com
선후,2018년 8월 10일,"4억 9,345만원 (2022)",11 명 재직중,전기·전자·반도체,중소기업,,
선후,2018년 8월 10일,"4억 9,345만원 (2022)",11 명 재직중,전기·전자·반도체,중소기업,,
위버로프트,2019년 12월 31일,12억원 (2021),10 명 재직중,웹에이젼시·IT컨설팅,중소기업,"서울특별시 구로구 디지털로26길 123 407,408호 (구로동,지플러스타워)지도보기",//weaverloft.com
수커뮤니케이션,2013년 1월 3일,-,12 명 재직중,언론·출판·신문·잡지,중소기업,"서울특별시 마포구 동교로23길 41 3층 (동교동,골드빌딩)지도보기",//meetthesun.co.kr
패스트뷰,2021년 8월 11일,-,4 명 재직중,생활용품·화장품,중소기업,,
비사이드코리아,2021년 9월 9일,-,1 명 재직중,소프트웨어·솔루션·ASP,중소기업,,
씨드로닉스,2015년 12월 1일,-,-,기계·조선·자동차·운송장비,중소기업,서울특별시 강남구 테헤란로20길 20 삼정빌딩 3층 씨드로닉스 (역삼동)지도보기,//www.seadronix.com
일루니,2010년 9월 17일,11억 315만원 (2022),5 명 재직중,전기·전자·반도체,중소기업,"경기 부천시 석천로 397 101동 1211호 (삼정동,부천테크노파크쌍용3차)지도보기",//www.dl-ing.co.kr
업템포글로벌,2020년 1월 20일,"32억 4,689만원 (2022)",50 명 재직중,연구개발업,중소기업,"서울특별시 강남구 선릉로99길 9 2층 (역삼동,영성빌딩)지도보기",//www.uptempoglobal.com
에이엘에이엔,2016년 10월 12일,-,5 명 재직중,소프트웨어·솔루션·ASP,중소기업,서울특별시 강남구 학동로6길 7 301호(논현동)지도보기,//www.alancorp.net
아이투맥스,2003년 1월 17일,271억 529만원 (2022),191 명 재직중,소프트웨어·솔루션·ASP,중소기업,"서울특별시 마포구 마포대로 137 6층 (공덕동,KPX빌딩)지도보기",//www.i2max.co.kr
마켓디자이너스,2017년 2월 9일,"89억 6,636만원 (2022)",80 명 재직중,시장조사·여론조사·경영컨설팅,중소기업,"서울특별시 강남구 테헤란로20길 9 (역삼동,동궁빌딩) 13층지도보기",//www.marketdesigners.com
브로즈,2022년 12월 15일,"7,000만원",8 명 재직중,소프트웨어·솔루션·ASP,중소기업,경기도 성남시 수정구 청계산로 686 (고등동) 반도아이비밸리 818호지도보기,//www.seoulbroz.com
모요,2021년 10월 1일,"1조 4,207억 7,900만원 (2022)",783 명 재직중,건설·건축·토목·조경,대기업,서울특별시 강서구 마곡중앙로 150 (마곡동)지도보기,//www.xicna.com
유니버스,2020년 10월 10일,-,14 명 재직중,의약·보건·사회복지,중소기업,"경기도 광주시 태전중앙로 20 (태전동,스카이가든) 3층 더그레이스 의원지도보기",//thegrace.info/
코넥시오에이치,2020년 3월 25일,"7,431만원 (2022)",15 명 재직중,소프트웨어·솔루션·ASP,중소기업,광주광역시 동구 금남로 193-22 광주AI창업캠프 1호 202호(금남로4가)지도보기,//www.connexioh.net
가이던스,2000년 7월 14일,"29억 1,334만원 (2016)",34 명 재직중,제조업기타,중소기업,"경기도 성남시 분당구 판교로255번길 9-22 8층 (삼평동,우림더블유시티)지도보기",//www.guidance.co.kr
라텔앤드파트너즈,2020년 7월 9일,"33억 2,945만원 (2021)",36 명 재직중,방송·광고·영상·오디오,중소기업,,
스매치코퍼레이션,2020년 12월 22일,"27억 7,768만원 (2022)",7 명 재직중,소프트웨어·솔루션·ASP,중소기업,,
월급쟁이부자들,2018년 3월 27일,"239억 9,393만원 (2022)",-,교육기관,중소기업,서울특별시 강남구 역삼1동 834-8번지 2층지도보기,//cafe.naver.com/wecando7
플루언트,2021년 7월 27일,"1,800만원 (2022)",2 명 재직중,소프트웨어·솔루션·ASP,중소기업,,
잉카엔트웍스,2000년 10월 5일,"46억 1,808만원 (2022)",62 명 재직중,소프트웨어·솔루션·ASP,중소기업,서울특별시 용산구 한강대로44길 16 (한강로2가) 잉카엔트웍스지도보기,//www.inka.co.kr
스매치코퍼레이션,2020년 12월 22일,"27억 7,768만원 (2022)",7 명 재직중,소프트웨어·솔루션·ASP,중소기업,,
알스퀘어,2023년 4월 30일,-,-,법률·회계,소기업,,
미트박스글로벌,2014년 5월 19일,"552억 1,702만원 (2022)",69 명 재직중,쇼핑몰·전자상거래·오픈마켓,중소기업,경기 성남시 분당구 삼평동 판교우림더블유시티 703호 .지도보기,//www.meatbox.co.kr
엑스페릭스,2017년 4월 3일,"144억 7,035만원 (2022)",71 명 재직중,전기·전자·반도체,중소기업,"경기 성남시 중원구 사기막골로62번길 37 1207호 (상대원동,스타타워)지도보기",//www.xperix.com
필드서비스,2020년 5월 27일,"7억 1,150만원 (2022)",2 명 재직중,소프트웨어·솔루션·ASP,중소기업,,
스페이스워크,2016년 10월 1일,"4억 7,556만원 (2021)",61 명 재직중,소프트웨어·솔루션·ASP,중소기업,"서울특별시 성동구 왕십리로 88 4층 (성수동1가,덕우빌딩)지도보기",//www.spacewalk.tech
벨루가브루어리,2017년 1월 19일,"3억 8,010만원 (2022)",-,인터넷·포털·컨텐츠·게임,중소기업,서울 마포구 독막로 79 1층 (상수동)지도보기,//veluga.kr
아이투맥스,2003년 1월 17일,271억 529만원 (2022),191 명 재직중,소프트웨어·솔루션·ASP,중소기업,"서울특별시 마포구 마포대로 137 6층 (공덕동,KPX빌딩)지도보기",//www.i2max.co.kr
위시켓,2012년 10월 25일,"99억 5,818만원 (2022)",6 명 재직중,소프트웨어·솔루션·ASP,중소기업,"서울특별시 강남구 테헤란로43길 18 4층 (역삼동,에스씨빌딩)지도보기",//www.wishket.com
드리븐,2018년 5월 15일,"31억 9,302만원 (2022)",10 명 재직중,방송·광고·영상·오디오,중소기업,"서울특별시 강남구 선릉로145길 13 202호 (논현동,럭스웨이빌딩)지도보기",//www.alivaad.com
월급쟁이부자들,2018년 3월 27일,"239억 9,393만원 (2022)",-,교육기관,중소기업,서울특별시 강남구 역삼1동 834-8번지 2층지도보기,//cafe.naver.com/wecando7
스퀘어스,2021년 9월 1일,"10억 6,862만원 (2022)",7 명 재직중,소프트웨어·솔루션·ASP,중소기업,"서울특별시 중구 수표로 45 (저동2가,비즈센터) 608호지도보기",//www.squares.ai
누벤트,2014년 10월 10일,"1억 9,745만원 (2022)",14 명 재직중,모바일·무선,중소기업,"서울특별시 강남구 역삼로63길 19 4층 (대치동,우희빌딩)지도보기",//www.shareat.me
스페이스애드,2017년 12월 20일,-,60 명 재직중,방송·광고·영상·오디오,중소기업,서울특별시 강남구 도산대로 156 5층 (논현동)지도보기,//www.spaceadd.com
에피소든,2021년 2월 4일,-,13 명 재직중,인터넷·포털·컨텐츠·게임,중소기업,,
에이로직,2020년 5월 1일,-,4 명 재직중,소프트웨어·솔루션·ASP,중소기업,,
미트박스글로벌,2014년 5월 19일,"552억 1,702만원 (2022)",69 명 재직중,쇼핑몰·전자상거래·오픈마켓,중소기업,경기 성남시 분당구 삼평동 판교우림더블유시티 703호 .지도보기,//www.meatbox.co.kr
블루닷,2020년 11월 25일,-,-,교육기관,소기업,,
세컨신드롬,2016년 4월 30일,100억원 (2023),35 명 재직중,물류,중소기업,"서울특별시 강남구 논현로 417 (역삼동,화원빌딩) 2층지도보기",//www.dalock.kr
제로엑스플로우,2017년 7월 3일,"2억 1,873만원 (2022)",10 명 재직중,소프트웨어·솔루션·ASP,중소기업,"서울특별시 마포구 마포대로 122 16층 (공덕동,프론트원빌딩)지도보기",//1hour.ai/
왓타임,2021년 9월 10일,-,1 명 재직중,소프트웨어·솔루션·ASP,중소기업,,
컬리,2014년 12월 31일,"2조 335억 9,450만원 (2022)","2,867 명 재직중",도매·상품중개,중견기업,"서울특별시 강남구 테헤란로 133 (역삼동,한국타이어빌딩)지도보기",//www.kurly.com
씨드로닉스,2015년 12월 1일,-,-,기계·조선·자동차·운송장비,중소기업,서울특별시 강남구 테헤란로20길 20 삼정빌딩 3층 씨드로닉스 (역삼동)지도보기,//www.seadronix.com
멘티스코,2017년 9월 19일,"19억 4,214만원 (2022)",45 명 재직중,인터넷·포털·컨텐츠·게임,중소기업,서울특별시 강남구 삼성로85길 35-6 목천빌딩 2/3층지도보기,//www.imantisco.com
구름,2011년 7월 29일,"16억 8,494만원 (2021)",30 명 재직중,소매,중소기업,"서울 송파구 백제고분로41길 40 401호 (송파동,부영빌딩)지도보기",//www.goorm.co
아이헤이트플라잉버그스,2012년 2월 6일,"131억 5,544만원 (2022)",457 명 재직중,소프트웨어·솔루션·ASP,중소기업,"서울특별시 영등포구 여의대로 108 (여의도동,파크원) 39층지도보기",//mildang.kr/
위시켓,2012년 10월 25일,"99억 5,818만원 (2022)",6 명 재직중,소프트웨어·솔루션·ASP,중소기업,"서울특별시 강남구 테헤란로43길 18 4층 (역삼동,에스씨빌딩)지도보기",//www.wishket.com
머니투데이,2000년 1월 1일,"724억 7,373만원 (2022)",358 명 재직중,언론·출판·신문·잡지,중견기업,서울특별시 종로구 청계천로 11 (서린동)지도보기,//www.mt.co.kr
푸드테크,2017년 6월 15일,"12억 6,568만원 (2022)",3 명 재직중,음·식료품·식품가공,중소기업,"충청북도 청주시 흥덕구 가로수로 1251 301-1호 (복대동,충북대학교 G-테크벤처센터)지도보기",//meetchange.imweb.me/index
여기어때컴퍼니,2015년 9월 21일,"3,058억 7,906만원 (2022)",571 명 재직중,인터넷·포털·컨텐츠·게임,중견기업,서울특별시 강남구 봉은사로 479 11층 (삼성동)지도보기,//www.gccompany.co.kr
여기어때컴퍼니,2015년 9월 21일,"3,058억 7,906만원 (2022)",571 명 재직중,인터넷·포털·컨텐츠·게임,중견기업,서울특별시 강남구 봉은사로 479 11층 (삼성동)지도보기,//www.gccompany.co.kr
서울랩스,2021년 12월 28일,-,14 명 재직중,네트워크·통신,중소기업,,
머스트잇,2012년 9월 27일,"330억 7,655만원 (2022)",129 명 재직중,도매·상품중개,중소기업,"서울특별시 강남구 압구정로 148 (신사동, 머스트잇빌딩)지도보기",//www.mustit.co.kr
이엔티팩토리,2005년 1월 29일,"36억 3,988만원 (2022)",9 명 재직중,인테리어·디자인,중소기업,"서울특별시 종로구 대학로12길 50 6층 (동숭동,마로니빌딩)지도보기",//www.entfactory.com
세포아소프트,2007년 1월 27일,"42억 5,800만원 (2022)",34 명 재직중,소프트웨어·솔루션·ASP,중소기업,"서울 서초구 바우뫼로 152 501호 (양재동,삼정빌딩)지도보기",//www.sepoasoft.co.kr
클라우드앤,2015년 12월 1일,"9억 8,527만원 (2022)",-,연구개발업,중소기업,"서울 금천구 범안로 1126 1307호 (가산동,대륭21차)지도보기",//www.icloudn.net
더블다운인터액티브,2007년 12월 18일,"273억 2,202만원 (2022)",133 명 재직중,인터넷·포털·컨텐츠·게임,중견기업,"서울 강남구 테헤란로 152 13층 (역삼동,강남파이낸스센터)지도보기",//www.doubledowninteractive.com
링글잉글리시에듀케이션서비스,2015년 5월 29일,"94억 6,821만원 (2022)",51 명 재직중,학원·학습지,중소기업,"서울특별시 서초구 서초대로78길 22 11층 (서초동,홍우제2빌딩)지도보기",//www.ringleplus.com
슬로그업,2016년 8월 3일,"4억 5,777만원 (2020)",20 명 재직중,소프트웨어·솔루션·ASP,중소기업,"서울특별시 마포구 월드컵북로 40 (연남동,SPACE 1) 3층지도보기",//sgsg.slogup.com
스퀘어스,2021년 9월 1일,"10억 6,862만원 (2022)",7 명 재직중,소프트웨어·솔루션·ASP,중소기업,"서울특별시 중구 수표로 45 (저동2가,비즈센터) 608호지도보기",//www.squares.ai
라텔앤드파트너즈,2020년 7월 9일,"33억 2,945만원 (2021)",36 명 재직중,방송·광고·영상·오디오,중소기업,,
만나플래닛,2016년 4월 20일,"141억 9,493만원 (2022)",134 명 재직중,소프트웨어·솔루션·ASP,중소기업,"서울특별시 구로구 경인로 661 104동 905호 (신도림동,신도림1차푸르지오)지도보기",//www.manna-planet.com
서커스컴퍼니,2012년 11월 20일,17억 563만원 (2022),20 명 재직중,소프트웨어·솔루션·ASP,중소기업,"서울특별시 강남구 학동로82길 7 (삼성동,HYUN빌딩) 2층지도보기",//www.circusar.com/
스페클립스,2015년 11월 5일,"2억 3,700만원 (2022)",5 명 재직중,연구개발업,중소기업,"경기도 성남시 분당구 운중로 123 501,502호(운중동)지도보기",//www.speclipse.com
알스퀘어,2023년 4월 30일,-,-,법률·회계,소기업,,
웰로,2013년 12월 3일,"2조 3,785억 9,546만원 (2022)","6,962 명 재직중",유통,대기업,경기도 성남시 분당구 구미로 8 (구미동)지도보기,//www.samsungwelstory.com
커리어데이,2021년 7월 12일,"8,338만원 (2022)",6 명 재직중,사무지원·콜센터·텔레마케팅,중소기업,,
슬로그업,2016년 8월 3일,"4억 5,777만원 (2020)",20 명 재직중,소프트웨어·솔루션·ASP,중소기업,"서울특별시 마포구 월드컵북로 40 (연남동,SPACE 1) 3층지도보기",//sgsg.slogup.com
에임(AIM),2015년 6월 11일,-,22 명 재직중,교육기관,소기업,,
플레져,2010년 2월 4일,-,-,교육기관,소기업,경기 수원시 팔달구 화서동 150-3 2층지도보기,//cafe.naver.com/ipleasurejunglegym
미트박스글로벌,2014년 5월 19일,"552억 1,702만원 (2022)",69 명 재직중,쇼핑몰·전자상거래·오픈마켓,중소기업,경기 성남시 분당구 삼평동 판교우림더블유시티 703호 .지도보기,//www.meatbox.co.kr
제주도닷컴,2003년 10월 12일,"24억 4,820만원 (2022)",23 명 재직중,호텔·여행·항공,중소기업,"서울특별시 구로구 디지털로32길 30 906호 (구로동,코오롱디지털타워빌란트)지도보기",//www.jejuisland.com
하이,2005년 2월 4일,"5,598억 1,354만원 (2022)",743 명 재직중,문화·스포츠·엔터테인먼트,중견기업,서울특별시 용산구 한강대로 42 (한강로3가)지도보기,//hybecorp.com/www.hybe.co
아이헤이트플라잉버그스,2012년 2월 6일,"131억 5,544만원 (2022)",457 명 재직중,소프트웨어·솔루션·ASP,중소기업,"서울특별시 영등포구 여의대로 108 (여의도동,파크원) 39층지도보기",//mildang.kr/
한국모바일결제,2020년 11월 30일,-,-,소프트웨어·솔루션·ASP,소기업,"서울특별시 강남구 테헤란로2길 27 14층(역삼동,패스트파이브빌딩)지도보기",//www.baroapp.co.kr
헤세그,2020년 3월 26일,2억 100만원 (2022),8 명 재직중,소프트웨어·솔루션·ASP,중소기업,"서울특별시 서초구 매헌로6길 15 4층 (양재동,두루빌딩)지도보기",//www.hessegg.com
인터엑스,2010년 7월 30일,"13억 2,825만원 (2022)",11 명 재직중,소프트웨어·솔루션·ASP,중소기업,경기 성남시 분당구 수내동 20-2 초림프라자 308호지도보기,//www.interxsoft.com
법틀,2017년 7월 18일,"15억 5,433만원 (2022)",16 명 재직중,소프트웨어·솔루션·ASP,중소기업,"서울특별시 성동구 뚝섬로17가길 48 1007호 (성수동2가,성수에이원센터)지도보기",//www.buptle.com
이엔티팩토리,2005년 1월 29일,"36억 3,988만원 (2022)",9 명 재직중,인테리어·디자인,중소기업,"서울특별시 종로구 대학로12길 50 6층 (동숭동,마로니빌딩)지도보기",//www.entfactory.com
오늘의작업장,2022년 12월 15일,-,-,소프트웨어·솔루션·ASP,중소기업,,
에이지,2005년 7월 26일,"94억 1,437만원 (2018)",22 명 재직중,제조업기타,중소기업,"충청남도 보령시 주포면 관산공단길 26 (주포면,주식회사 에이지)지도보기",//www.f1tech.biz
스매시,2017년 2월 20일,5억 964만원 (2022),1 명 재직중,문화·스포츠·엔터테인먼트,중소기업,,
피에로컴퍼니,2020년 2월 11일,"4억 5,000만원 (2023)",10 명 재직중,네트워크·통신,중소기업,서울특별시 강남구 선릉로93길 40 소셜벤처허브 3층 (역삼동)지도보기,//www.phonego.co.kr
피나클 FINAKLE,2020년 12월 23일,"7,000만원 (2022)",7 명 재직중,소프트웨어·솔루션·ASP,중소기업,,
더블유클럽,2021년 2월 22일,"42억 1,616만원 (2022)",10 명 재직중,소프트웨어·솔루션·ASP,중소기업,,
벨루가브루어리,2017년 1월 19일,"3억 8,010만원 (2022)",-,인터넷·포털·컨텐츠·게임,중소기업,서울 마포구 독막로 79 1층 (상수동)지도보기,//veluga.kr
컨트롤웍스,1999년 9월 1일,"124억 5,305만원 (2022)",65 명 재직중,기계·조선·자동차·운송장비,중소기업,서울 강남구 언주로81길 13 5층지도보기,//www.control-works.co.kr
아이디에스앤트러스트,1996년 1월 16일,"90억 3,851만원 (2017)",86 명 재직중,소프트웨어·솔루션·ASP,중견기업,서울특별시 강남구 봉은사로 644 대웅제약 신관3층지도보기,//www.idstrust.com
에임(AIM),2015년 6월 11일,-,22 명 재직중,교육기관,소기업,,
인스피언,2009년 6월 15일,"132억 2,695만원 (2022)",85 명 재직중,언론·출판·신문·잡지,중소기업,"서울특별시 금천구 벚꽃로 278 1012호 (가산동,에스제이테크노빌)지도보기",//www.inspien.co.kr
스매시,2017년 2월 20일,5억 964만원 (2022),1 명 재직중,문화·스포츠·엔터테인먼트,중소기업,,
어라운더블,2020년 3월 11일,"2억 9,825만원 (2022)",5 명 재직중,개인서비스,중소기업,충청남도 천안시 서북구 불당14로 48 5층 (불당동)지도보기,//m.picknpick.co.kr/
한국모바일결제,2020년 11월 30일,-,-,소프트웨어·솔루션·ASP,소기업,"서울특별시 강남구 테헤란로2길 27 14층(역삼동,패스트파이브빌딩)지도보기",//www.baroapp.co.kr
루와콘텐츠그룹,2017년 7월 3일,"17억 3,940만원 (2022)",28 명 재직중,방송·광고·영상·오디오,중소기업,"서울특별시 구로구 디지털로 272 (구로동,한신아이티타워) 411호지도보기",//www.roowa.co.kr
한국모바일결제,2020년 11월 30일,-,-,소프트웨어·솔루션·ASP,소기업,"서울특별시 강남구 테헤란로2길 27 14층(역삼동,패스트파이브빌딩)지도보기",//www.baroapp.co.kr
더블유클럽,2021년 2월 22일,"42억 1,616만원 (2022)",10 명 재직중,소프트웨어·솔루션·ASP,중소기업,,
월급쟁이부자들,2018년 3월 27일,"239억 9,393만원 (2022)",-,교육기관,중소기업,서울특별시 강남구 역삼1동 834-8번지 2층지도보기,//cafe.naver.com/wecando7
루와콘텐츠그룹,2017년 7월 3일,"17억 3,940만원 (2022)",28 명 재직중,방송·광고·영상·오디오,중소기업,"서울특별시 구로구 디지털로 272 (구로동,한신아이티타워) 411호지도보기",//www.roowa.co.kr
코넥시오에이치,2020년 3월 25일,"7,431만원 (2022)",15 명 재직중,소프트웨어·솔루션·ASP,중소기업,광주광역시 동구 금남로 193-22 광주AI창업캠프 1호 202호(금남로4가)지도보기,//www.connexioh.net
인터엑스,2010년 7월 30일,"13억 2,825만원 (2022)",11 명 재직중,소프트웨어·솔루션·ASP,중소기업,경기 성남시 분당구 수내동 20-2 초림프라자 308호지도보기,//www.interxsoft.com
디케이테크인,2009,-,-,전기·전자·반도체,소기업,,
패스트뷰,2021년 8월 11일,-,4 명 재직중,생활용품·화장품,중소기업,,
에이에프아이,2017년 9월 22일,"6억 7,717만원 (2022)",15 명 재직중,인터넷·포털·컨텐츠·게임,중소기업,서울특별시 성동구 아차산로 110 성수동2가 성광빌딩 4층 AFI지도보기,//www.afidev.com
클러스터지원그룹,2008년 4월 24일,"51억 9,575만원 (2021)",48 명 재직중,소프트웨어·솔루션·ASP,중소기업,"경기도 군포시 공단로 149 408호 (당동, 아이밸리군포)지도보기",//www.icoop.or.kr
와인루트,2021년 3월 31일,-,2 명 재직중,쇼핑몰·전자상거래·오픈마켓,중소기업,,
무신사,2012년 6월 25일,"6,451억 6,211만원 (2022)","1,354 명 재직중",언론·출판·신문·잡지,중견기업,"서울특별시 성동구 아차산로 38 (성수동1가,개풍빌딩)지도보기",//www.musinsa.com
큐픽스,2015년 8월 19일,28억 419만원 (2022),59 명 재직중,소프트웨어·솔루션·ASP,중소기업,"경기도 성남시 분당구 대왕판교로 670 B동 605호 (삼평동,유스페이스2)지도보기",//www.cupix.com
선후,2018년 8월 10일,"4억 9,345만원 (2022)",11 명 재직중,전기·전자·반도체,중소기업,,
비사이드코리아,2021년 9월 9일,-,1 명 재직중,소프트웨어·솔루션·ASP,중소기업,,
디어유,2017년 7월 4일,"491억 9,386만원 (2022)",95 명 재직중,소프트웨어·솔루션·ASP,대기업,서울특별시 강남구 학동로25길 37 (논현동)지도보기,//www.dear-u.co
마크비전코리아,2019년 12월 12일,-,100 명 재직중,소프트웨어·솔루션·ASP,중소기업,"서울특별시 강남구 테헤란로 427 6층 (삼성동,위워크타워)지도보기",//www.marqvision.com
패스트뷰,2021년 8월 11일,-,4 명 재직중,생활용품·화장품,중소기업,,
에피소든,2021년 2월 4일,-,13 명 재직중,인터넷·포털·컨텐츠·게임,중소기업,,
스페클립스,2015년 11월 5일,"2억 3,700만원 (2022)",5 명 재직중,연구개발업,중소기업,"경기도 성남시 분당구 운중로 123 501,502호(운중동)지도보기",//www.speclipse.com
에그버스,2022년 3월 14일,-,20 명 재직중,소프트웨어·솔루션·ASP,중소기업,,
아더월드,2023년 4월 1일,-,-,인터넷·포털·컨텐츠·게임,중소기업,,
슬로그업,2016년 8월 3일,"4억 5,777만원 (2020)",20 명 재직중,소프트웨어·솔루션·ASP,중소기업,"서울특별시 마포구 월드컵북로 40 (연남동,SPACE 1) 3층지도보기",//sgsg.slogup.com
이노그리드,2006년 10월 4일,"141억 5,015만원 (2022)",189 명 재직중,소프트웨어·솔루션·ASP,중소기업,"서울특별시 서초구 강남대로 623 10층 (잠원동, 우일빌딩)지도보기",//www.innogrid.com
풀스택,2021년 10월 22일,-,6 명 재직중,연구개발업,중소기업,,
플레져,2010년 2월 4일,-,-,교육기관,소기업,경기 수원시 팔달구 화서동 150-3 2층지도보기,//cafe.naver.com/ipleasurejunglegym
하이,2005년 2월 4일,"5,598억 1,354만원 (2022)",743 명 재직중,문화·스포츠·엔터테인먼트,중견기업,서울특별시 용산구 한강대로 42 (한강로3가)지도보기,//hybecorp.com/www.hybe.co
에이치비엠피,2014년 9월 23일,"2억 7,847만원 (2022)",8 명 재직중,사무지원·콜센터·텔레마케팅,중소기업,제주 제주시 이도이동 1176-67번지 제주벤처마루 4층 4층 제주벤처마루 (이도이동)지도보기,//www.teeshot.co.kr
아더월드,2023년 4월 1일,-,-,인터넷·포털·컨텐츠·게임,중소기업,,
구름,2011년 7월 29일,"16억 8,494만원 (2021)",30 명 재직중,소매,중소기업,"서울 송파구 백제고분로41길 40 401호 (송파동,부영빌딩)지도보기",//www.goorm.co
빅픽처인터렉티브,2015년 4월 6일,"151억 1,737만원 (2022)",140 명 재직중,인터넷·포털·컨텐츠·게임,중소기업,서울특별시 금천구 독산로31길 9 빅픽처인터렉티브지도보기,//www.bigpi.co/
이엔티팩토리,2005년 1월 29일,"36억 3,988만원 (2022)",9 명 재직중,인테리어·디자인,중소기업,"서울특별시 종로구 대학로12길 50 6층 (동숭동,마로니빌딩)지도보기",//www.entfactory.com
리본솔루션,1999년 12월 18일,17억 463만원 (2012),8 명 재직중,인쇄·기록매체복제업,중소기업,경기도 안양시 동안구 흥안대로 61-1 지층 (호계동)지도보기,//www.elabelmart.com
에이지,2005년 7월 26일,"94억 1,437만원 (2018)",22 명 재직중,제조업기타,중소기업,"충청남도 보령시 주포면 관산공단길 26 (주포면,주식회사 에이지)지도보기",//www.f1tech.biz
엠포스,2000년 11월 17일,"200억 5,269만원 (2022)",237 명 재직중,방송·광고·영상·오디오,중소기업,"강남구 논현1동 204-5번지 MJL빌딩 7층 4층 (방배동,한샘방배빌딩)지도보기",//www.emforce.co.kr
마켓디자이너스,2017년 2월 9일,"89억 6,636만원 (2022)",80 명 재직중,시장조사·여론조사·경영컨설팅,중소기업,"서울특별시 강남구 테헤란로20길 9 (역삼동,동궁빌딩) 13층지도보기",//www.marketdesigners.com
큐픽스,2015년 8월 19일,28억 419만원 (2022),59 명 재직중,소프트웨어·솔루션·ASP,중소기업,"경기도 성남시 분당구 대왕판교로 670 B동 605호 (삼평동,유스페이스2)지도보기",//www.cupix.com
인터엑스,2010년 7월 30일,"13억 2,825만원 (2022)",11 명 재직중,소프트웨어·솔루션·ASP,중소기업,경기 성남시 분당구 수내동 20-2 초림프라자 308호지도보기,//www.interxsoft.com
알스퀘어,2023년 4월 30일,-,-,법률·회계,소기업,,
어라운더블,2020년 3월 11일,"2억 9,825만원 (2022)",5 명 재직중,개인서비스,중소기업,충청남도 천안시 서북구 불당14로 48 5층 (불당동)지도보기,//m.picknpick.co.kr/
인터엑스,2010년 7월 30일,"13억 2,825만원 (2022)",11 명 재직중,소프트웨어·솔루션·ASP,중소기업,경기 성남시 분당구 수내동 20-2 초림프라자 308호지도보기,//www.interxsoft.com
스매시,2017년 2월 20일,5억 964만원 (2022),1 명 재직중,문화·스포츠·엔터테인먼트,중소기업,,
인터엑스,2010년 7월 30일,"13억 2,825만원 (2022)",11 명 재직중,소프트웨어·솔루션·ASP,중소기업,경기 성남시 분당구 수내동 20-2 초림프라자 308호지도보기,//www.interxsoft.com
타이로스코프,2020년 4월 27일,-,11 명 재직중,의료·정밀·시계·광학기기,중소기업,울산광역시 울주군 언양읍 유니스트길 50 114동 606-9호(유니스트 경영관) (반연리)지도보기,//thyroscope.com
와인루트,2021년 3월 31일,-,2 명 재직중,쇼핑몰·전자상거래·오픈마켓,중소기업,,
라텔앤드파트너즈,2020년 7월 9일,"33억 2,945만원 (2021)",36 명 재직중,방송·광고·영상·오디오,중소기업,,
선후,2018년 8월 10일,"4억 9,345만원 (2022)",11 명 재직중,전기·전자·반도체,중소기업,,
월급쟁이부자들,2018년 3월 27일,"239억 9,393만원 (2022)",-,교육기관,중소기업,서울특별시 강남구 역삼1동 834-8번지 2층지도보기,//cafe.naver.com/wecando7
디어유,2017년 7월 4일,"491억 9,386만원 (2022)",95 명 재직중,소프트웨어·솔루션·ASP,대기업,서울특별시 강남구 학동로25길 37 (논현동)지도보기,//www.dear-u.co
마크비전코리아,2019년 12월 12일,-,100 명 재직중,소프트웨어·솔루션·ASP,중소기업,"서울특별시 강남구 테헤란로 427 6층 (삼성동,위워크타워)지도보기",//www.marqvision.com
일루니,2010년 9월 17일,11억 315만원 (2022),5 명 재직중,전기·전자·반도체,중소기업,"경기 부천시 석천로 397 101동 1211호 (삼정동,부천테크노파크쌍용3차)지도보기",//www.dl-ing.co.kr
비사이드코리아,2021년 9월 9일,-,1 명 재직중,소프트웨어·솔루션·ASP,중소기업,,
일루니,2010년 9월 17일,11억 315만원 (2022),5 명 재직중,전기·전자·반도체,중소기업,"경기 부천시 석천로 397 101동 1211호 (삼정동,부천테크노파크쌍용3차)지도보기",//www.dl-ing.co.kr
마켓디자이너스,2017년 2월 9일,"89억 6,636만원 (2022)",80 명 재직중,시장조사·여론조사·경영컨설팅,중소기업,"서울특별시 강남구 테헤란로20길 9 (역삼동,동궁빌딩) 13층지도보기",//www.marketdesigners.com
브로즈,2022년 12월 15일,"7,000만원",8 명 재직중,소프트웨어·솔루션·ASP,중소기업,경기도 성남시 수정구 청계산로 686 (고등동) 반도아이비밸리 818호지도보기,//www.seoulbroz.com
모요,2021년 10월 1일,"1조 4,207억 7,900만원 (2022)",783 명 재직중,건설·건축·토목·조경,대기업,서울특별시 강서구 마곡중앙로 150 (마곡동)지도보기,//www.xicna.com
지로,2020년 12월 14일,-,-,부동산업,중소기업,"경기도 부천시 조마루로385번길 92 (원미동,부천테크노밸리 U1 center)지도보기",//parancorp.kr/
유니버스,2020년 10월 10일,-,14 명 재직중,의약·보건·사회복지,중소기업,"경기도 광주시 태전중앙로 20 (태전동,스카이가든) 3층 더그레이스 의원지도보기",//thegrace.info/
플루언트,2021년 7월 27일,"1,800만원 (2022)",2 명 재직중,소프트웨어·솔루션·ASP,중소기업,,
수성엔지니어링,1992년 8월 1일,-,780 명 재직중,건설·건축·토목·조경,중견기업,서울 송파구 송파동 167-1 수성빌딩지도보기,//www.soosungeng.com
코넥시오에이치,2020년 3월 25일,"7,431만원 (2022)",15 명 재직중,소프트웨어·솔루션·ASP,중소기업,광주광역시 동구 금남로 193-22 광주AI창업캠프 1호 202호(금남로4가)지도보기,//www.connexioh.net
스매치코퍼레이션,2020년 12월 22일,"27억 7,768만원 (2022)",7 명 재직중,소프트웨어·솔루션·ASP,중소기업,,
월급쟁이부자들,2018년 3월 27일,"239억 9,393만원 (2022)",-,교육기관,중소기업,서울특별시 강남구 역삼1동 834-8번지 2층지도보기,//cafe.naver.com/wecando7
슬로그업,2016년 8월 3일,"4억 5,777만원 (2020)",20 명 재직중,소프트웨어·솔루션·ASP,중소기업,"서울특별시 마포구 월드컵북로 40 (연남동,SPACE 1) 3층지도보기",//sgsg.slogup.com
룩코,2023년 10월 19일,-,-,유통,소기업,,
액스,2015년 5월 25일,38억원 (2019),33 명 재직중 (헤드헌터 1 명),용역·인력알선,중소기업,서울특별시 강남구 테헤란로 216 근무지 파주지도보기,//www.pxi365.com
딥바이오,2015년 10월 8일,"4,137만원 (2022)",47 명 재직중,연구개발업,중소기업,"서울특별시 구로구 디지털로 242 1201호 (구로동,한화비즈메트로1차)지도보기",//www.deepbio.co.kr
아나토마지코리아,2008년 7월 23일,"26억 5,000만원 (2021)",45 명 재직중,소매,중소기업,"서울특별시 강남구 테헤란로84길 15 4층, 10층 (대치동,시몬타워)지도보기",//www.anatomage.co.kr
플랫포스,2015년 10월 16일,"33억 4,119만원 (2022)",10 명 재직중,소프트웨어·솔루션·ASP,중소기업,"서울특별시 중구 퇴계로36길 2, 충무로관 신관 201호 (필동2가,동국대학교)지도보기",//www.platfos.com
스마일랩,2013년 6월 14일,"56억 6,522만원 (2022)",9 명 재직중,도매·상품중개,중소기업,"경기도 성남시 중원구 둔촌대로 464 10층 1004호 (상대원동,드림테크노)지도보기",//www.smilelab.co.kr
알스퀘어,2023년 4월 30일,-,-,법률·회계,소기업,,
구름,2011년 7월 29일,"16억 8,494만원 (2021)",30 명 재직중,소매,중소기업,"서울 송파구 백제고분로41길 40 401호 (송파동,부영빌딩)지도보기",//www.goorm.co
밸류맵,2015년 4월 8일,2억 803만원 (2022),-,소프트웨어·솔루션·ASP,중소기업,,
스페이스워크,2016년 10월 1일,"4억 7,556만원 (2021)",61 명 재직중,소프트웨어·솔루션·ASP,중소기업,"서울특별시 성동구 왕십리로 88 4층 (성수동1가,덕우빌딩)지도보기",//www.spacewalk.tech
벨루가브루어리,2017년 1월 19일,"3억 8,010만원 (2022)",-,인터넷·포털·컨텐츠·게임,중소기업,서울 마포구 독막로 79 1층 (상수동)지도보기,//veluga.kr
아이투맥스,2003년 1월 17일,271억 529만원 (2022),191 명 재직중,소프트웨어·솔루션·ASP,중소기업,"서울특별시 마포구 마포대로 137 6층 (공덕동,KPX빌딩)지도보기",//www.i2max.co.kr
니어브레인,2022년 2월 17일,-,4 명 재직중,소프트웨어·솔루션·ASP,중소기업,,
위시켓,2012년 10월 25일,"99억 5,818만원 (2022)",6 명 재직중,소프트웨어·솔루션·ASP,중소기업,"서울특별시 강남구 테헤란로43길 18 4층 (역삼동,에스씨빌딩)지도보기",//www.wishket.com
월급쟁이부자들,2018년 3월 27일,"239억 9,393만원 (2022)",-,교육기관,중소기업,서울특별시 강남구 역삼1동 834-8번지 2층지도보기,//cafe.naver.com/wecando7
알고케어,2019년 11월 15일,"5,044만원 (2022)",-,연구개발업,중소기업,,
탈잉,2016년 11월 21일,"44억 2,277만원 (2022)",9 명 재직중,교육·연구및개발,중소기업,"서울특별시 강남구 선릉로 551 5층 (역삼동,새롬빌딩)지도보기",//taling.me
마이크로프로텍트,2020년 3월 26일,-,7 명 재직중,보험·연금,중소기업,,
에이로직,2020년 5월 1일,-,4 명 재직중,소프트웨어·솔루션·ASP,중소기업,,
롱기스트,2020년 12월 18일,-,4 명 재직중,방송·광고·영상·오디오,중소기업,,
제로엑스플로우,2017년 7월 3일,"2억 1,873만원 (2022)",10 명 재직중,소프트웨어·솔루션·ASP,중소기업,"서울특별시 마포구 마포대로 122 16층 (공덕동,프론트원빌딩)지도보기",//1hour.ai/
왓타임,2021년 9월 10일,-,1 명 재직중,소프트웨어·솔루션·ASP,중소기업,,
구름,2011년 7월 29일,"16억 8,494만원 (2021)",30 명 재직중,소매,중소기업,"서울 송파구 백제고분로41길 40 401호 (송파동,부영빌딩)지도보기",//www.goorm.co
컬리,2014년 12월 31일,"2조 335억 9,450만원 (2022)","2,867 명 재직중",도매·상품중개,중견기업,"서울특별시 강남구 테헤란로 133 (역삼동,한국타이어빌딩)지도보기",//www.kurly.com
씨드로닉스,2015년 12월 1일,-,-,기계·조선·자동차·운송장비,중소기업,서울특별시 강남구 테헤란로20길 20 삼정빌딩 3층 씨드로닉스 (역삼동)지도보기,//www.seadronix.com
멘티스코,2017년 9월 19일,"19억 4,214만원 (2022)",45 명 재직중,인터넷·포털·컨텐츠·게임,중소기업,서울특별시 강남구 삼성로85길 35-6 목천빌딩 2/3층지도보기,//www.imantisco.com
아이헤이트플라잉버그스,2012년 2월 6일,"131억 5,544만원 (2022)",457 명 재직중,소프트웨어·솔루션·ASP,중소기업,"서울특별시 영등포구 여의대로 108 (여의도동,파크원) 39층지도보기",//mildang.kr/
푸드테크,2017년 6월 15일,"12억 6,568만원 (2022)",3 명 재직중,음·식료품·식품가공,중소기업,"충청북도 청주시 흥덕구 가로수로 1251 301-1호 (복대동,충북대학교 G-테크벤처센터)지도보기",//meetchange.imweb.me/index
무신사,2012년 6월 25일,"6,451억 6,211만원 (2022)","1,354 명 재직중",언론·출판·신문·잡지,중견기업,"서울특별시 성동구 아차산로 38 (성수동1가,개풍빌딩)지도보기",//www.musinsa.com
서울랩스,2021년 12월 28일,-,14 명 재직중,네트워크·통신,중소기업,,
에이피알,2014년 10월 10일,-,241 명 재직중,유통,중견기업,서울특별시 송파구 올림픽로 300 36층(신천동)지도보기,//www.apr-in.com
무신사,2012년 6월 25일,"6,451억 6,211만원 (2022)","1,354 명 재직중",언론·출판·신문·잡지,중견기업,"서울특별시 성동구 아차산로 38 (성수동1가,개풍빌딩)지도보기",//www.musinsa.com
클라우드앤,2015년 12월 1일,"9억 8,527만원 (2022)",-,연구개발업,중소기업,"서울 금천구 범안로 1126 1307호 (가산동,대륭21차)지도보기",//www.icloudn.net
링글잉글리시에듀케이션서비스,2015년 5월 29일,"94억 6,821만원 (2022)",51 명 재직중,학원·학습지,중소기업,"서울특별시 서초구 서초대로78길 22 11층 (서초동,홍우제2빌딩)지도보기",//www.ringleplus.com
에스제이에이치스튜디오,2015년 10월 19일,-,15 명 재직중,소프트웨어·솔루션·ASP,중소기업,서울특별시 강남구 논현로85길 46 (역삼동) 메가존빌딩 11층지도보기,//www.sjh-studio.com/
핌아시아,2014년 5월 1일,"74억 1,269만원 (2017)",55 명 재직중,소매,중소기업,"서울특별시 강남구 테헤란로114길 16 2층 및 3층(대치동,동남빌딩)지도보기",//www.thirtymall.com/
만나플래닛,2016년 4월 20일,"141억 9,493만원 (2022)",134 명 재직중,소프트웨어·솔루션·ASP,중소기업,"서울특별시 구로구 경인로 661 104동 905호 (신도림동,신도림1차푸르지오)지도보기",//www.manna-planet.com
에이블제이,2021년 1월 29일,"11억 5,730만원 (2022)",2 명 재직중,네트워크·통신,중소기업,"서울특별시 강남구 강남대로94길 18 3층 301호 (역삼동,삼행빌딩)지도보기",//interviewbox.co.kr/
웰로,2013년 12월 3일,"2조 3,785억 9,546만원 (2022)","6,962 명 재직중",유통,대기업,경기도 성남시 분당구 구미로 8 (구미동)지도보기,//www.samsungwelstory.com
뉴아인,1978년 6월 5일,"477억 2,529만원 (2022)",132 명 재직중,철강·금속·비금속,중소기업,"서울특별시 서초구 바우뫼로37길 23-6 (양재동,태홍빌딩) 3층지도보기",//www.asia.co.kr
플레져,2010년 2월 4일,-,-,교육기관,소기업,경기 수원시 팔달구 화서동 150-3 2층지도보기,//cafe.naver.com/ipleasurejunglegym
미트박스글로벌,2014년 5월 19일,"552억 1,702만원 (2022)",69 명 재직중,쇼핑몰·전자상거래·오픈마켓,중소기업,경기 성남시 분당구 삼평동 판교우림더블유시티 703호 .지도보기,//www.meatbox.co.kr
아파트아이,2018년 1월 2일,-,2 명 재직중,전기·설비·환경·플랜트,중소기업,,
어밸브,2019년 1월 7일,"9억 5,198만원 (2022)",6 명 재직중,개인서비스,중소기업,"서울특별시 서초구 반포대로9길 7 (서초동,서초미래빌딩) 3층 어밸브지도보기",//www.avalve.co.kr/
인디제이,2019년 2월 21일,"7억 3,111만원 (2022)",8 명 재직중,제품·시각디자인,중소기업,광주광역시 북구 동문대로 136 3층 (두암동)지도보기,//indj.net
메디허브,2008년 11월 20일,"33억 2,694만원 (2022)",-,연구개발업,,강원 홍천군 홍천읍 생명과학관길 84 (연봉리)101지도보기,//www.himh.co.kr
인스피언,2009년 6월 15일,"132억 2,695만원 (2022)",85 명 재직중,언론·출판·신문·잡지,중소기업,"서울특별시 금천구 벚꽃로 278 1012호 (가산동,에스제이테크노빌)지도보기",//www.inspien.co.kr
가온브로드밴드,2020년 7월 3일,"2,349억 3,281만원 (2022)",142 명 재직중,제조업기타,중견기업,"경기도 성남시 분당구 성남대로 884-3 2층 (야탑동,가온미디어빌딩)지도보기",//www.kaonbroadband.com
어라운더블,2020년 3월 11일,"2억 9,825만원 (2022)",5 명 재직중,개인서비스,중소기업,충청남도 천안시 서북구 불당14로 48 5층 (불당동)지도보기,//m.picknpick.co.kr/
유니메오,2017년 4월 13일,"25억 3,688만원 (2022)",33 명 재직중,연구개발업,중소기업,"서울특별시 서초구 강남대로37길 56-18 (서초동,서초에메랄드빌딩) 4F지도보기",//www.unimewo.com/
어라운더블,2020년 3월 11일,"2억 9,825만원 (2022)",5 명 재직중,개인서비스,중소기업,충청남도 천안시 서북구 불당14로 48 5층 (불당동)지도보기,//m.picknpick.co.kr/
월급쟁이부자들,2018년 3월 27일,"239억 9,393만원 (2022)",-,교육기관,중소기업,서울특별시 강남구 역삼1동 834-8번지 2층지도보기,//cafe.naver.com/wecando7
디케이테크인,2009,-,-,전기·전자·반도체,소기업,,
에쓰오씨소프트,1984년 4월 26일,"108억 3,359만원 (2022)",29 명 재직중,소프트웨어·솔루션·ASP,중소기업,"서울특별시 구로구 디지털로 272 704호 (구로동,한신아이티타워)지도보기",//www.mapinfo.co.kr
스펙터,2020년 6월 1일,"2,014만원 (2022)",25 명 재직중,웹에이젼시·IT컨설팅,중소기업,서울특별시 강남구 테헤란로7길 22 9층 (역삼동)지도보기,//www.specter.co.kr
솔로몬텍,2012년 3월 2일,"548억 3,127만원 (2022)",510 명 재직중,소프트웨어·솔루션·ASP,중소기업,"서울특별시 영등포구 당산로37길 16 (당산동4가,씨에스로직스복합시설), 3층지도보기",//www.solomontech.net
위버로프트,2019년 12월 31일,12억원 (2021),10 명 재직중,웹에이젼시·IT컨설팅,중소기업,"서울특별시 구로구 디지털로26길 123 407,408호 (구로동,지플러스타워)지도보기",//weaverloft.com
패스트뷰,2021년 8월 11일,-,4 명 재직중,생활용품·화장품,중소기업,,
디어유,2017년 7월 4일,"491억 9,386만원 (2022)",95 명 재직중,소프트웨어·솔루션·ASP,대기업,서울특별시 강남구 학동로25길 37 (논현동)지도보기,//www.dear-u.co
디웨이브,2020년 9월 28일,2만원 (2022),2 명 재직중,개인서비스,중소기업,"서울특별시 강남구 강남대로 354 7층 707호 (역삼동,혜천빌딩)지도보기",//clicksound.kr
캐논크래커,2021년 8월 10일,-,50 명 재직중,인터넷·포털·컨텐츠·게임,중소기업,"서울특별시 성동구 뚝섬로1길 63 (성수동1가,영창디지털타워) 11층지도보기",//www.cannoncracker.com
이노버스,2022년 1월 10일,"3억 2,789만원 (2022)",8 명 재직중,제조업기타,중소기업,서울특별시 영등포구 당산로28길 4 (당산동3가) 송암빌딩 4층 이노버스지도보기,//www.inobus.co.kr
에이엘에이엔,2016년 10월 12일,-,5 명 재직중,소프트웨어·솔루션·ASP,중소기업,서울특별시 강남구 학동로6길 7 301호(논현동)지도보기,//www.alancorp.net
휴먼아이씨티,2011년 8월 8일,22억 373만원 (2022),22 명 재직중,소프트웨어·솔루션·ASP,중소기업,"서울특별시 강남구 강남대로 310 1008호 (역삼동,유니온센터)지도보기",//www.hictc.com
아이투맥스,2003년 1월 17일,271억 529만원 (2022),191 명 재직중,소프트웨어·솔루션·ASP,중소기업,"서울특별시 마포구 마포대로 137 6층 (공덕동,KPX빌딩)지도보기",//www.i2max.co.kr
가이던스,2000년 7월 14일,"29억 1,334만원 (2016)",34 명 재직중,제조업기타,중소기업,"경기도 성남시 분당구 판교로255번길 9-22 8층 (삼평동,우림더블유시티)지도보기",//www.guidance.co.kr
마카롱팩토리,2015년 3월 1일,"102억 3,093만원 (2022)",-,모바일·무선,중소기업,"경기도 성남시 수정구 대왕판교로 815 (시흥동,판교창조경제밸리 기업지원허브)지도보기",//macarong.net
잉카엔트웍스,2000년 10월 5일,"46억 1,808만원 (2022)",62 명 재직중,소프트웨어·솔루션·ASP,중소기업,서울특별시 용산구 한강대로44길 16 (한강로2가) 잉카엔트웍스지도보기,//www.inka.co.kr
스매치코퍼레이션,2020년 12월 22일,"27억 7,768만원 (2022)",7 명 재직중,소프트웨어·솔루션·ASP,중소기업,,
프리윌린,2017년 3월 22일,"91억 3,477만원 (2022)",60 명 재직중,네트워크·통신,중소기업,"서울특별시 관악구 관악로 217 3F 프리윌린(봉천동,동진빌딩)지도보기",//www.mathflat.com
월급쟁이부자들,2018년 3월 27일,"239억 9,393만원 (2022)",-,교육기관,중소기업,서울특별시 강남구 역삼1동 834-8번지 2층지도보기,//cafe.naver.com/wecando7
알스퀘어,2023년 4월 30일,-,-,법률·회계,소기업,,
스마일랩,2013년 6월 14일,"56억 6,522만원 (2022)",9 명 재직중,도매·상품중개,중소기업,"경기도 성남시 중원구 둔촌대로 464 10층 1004호 (상대원동,드림테크노)지도보기",//www.smilelab.co.kr
구름,2011년 7월 29일,"16억 8,494만원 (2021)",30 명 재직중,소매,중소기업,"서울 송파구 백제고분로41길 40 401호 (송파동,부영빌딩)지도보기",//www.goorm.co
미트박스글로벌,2014년 5월 19일,"552억 1,702만원 (2022)",69 명 재직중,쇼핑몰·전자상거래·오픈마켓,중소기업,경기 성남시 분당구 삼평동 판교우림더블유시티 703호 .지도보기,//www.meatbox.co.kr
필드서비스,2020년 5월 27일,"7억 1,150만원 (2022)",2 명 재직중,소프트웨어·솔루션·ASP,중소기업,,
밸류맵,2015년 4월 8일,2억 803만원 (2022),-,소프트웨어·솔루션·ASP,중소기업,,
디어유,2017년 7월 4일,"491억 9,386만원 (2022)",95 명 재직중,소프트웨어·솔루션·ASP,대기업,서울특별시 강남구 학동로25길 37 (논현동)지도보기,//www.dear-u.co
선후,2018년 8월 10일,"4억 9,345만원 (2022)",11 명 재직중,전기·전자·반도체,중소기업,,
스페이스애드,2017년 12월 20일,-,60 명 재직중,방송·광고·영상·오디오,중소기업,서울특별시 강남구 도산대로 156 5층 (논현동)지도보기,//www.spaceadd.com
스트레스솔루션,2022년 1월 20일,-,5 명 재직중,연구개발업,중소기업,,
미트박스글로벌,2014년 5월 19일,"552억 1,702만원 (2022)",69 명 재직중,쇼핑몰·전자상거래·오픈마켓,중소기업,경기 성남시 분당구 삼평동 판교우림더블유시티 703호 .지도보기,//www.meatbox.co.kr
세컨신드롬,2016년 4월 30일,100억원 (2023),35 명 재직중,물류,중소기업,"서울특별시 강남구 논현로 417 (역삼동,화원빌딩) 2층지도보기",//www.dalock.kr
이터널,2021년 12월 17일,120억원 (2022),1 명 재직중,도매·상품중개,중소기업,"서울특별시 송파구 법원로9길 26 에이치비지니스파크 씨동 1011호, 1012호, 1013호, 1014호, 1015호 (문정동)지도보기",//etunnel.net/
무신사,2012년 6월 25일,"6,451억 6,211만원 (2022)","1,354 명 재직중",언론·출판·신문·잡지,중견기업,"서울특별시 성동구 아차산로 38 (성수동1가,개풍빌딩)지도보기",//www.musinsa.com
가이던스,2000년 7월 14일,"29억 1,334만원 (2016)",34 명 재직중,제조업기타,중소기업,"경기도 성남시 분당구 판교로255번길 9-22 8층 (삼평동,우림더블유시티)지도보기",//www.guidance.co.kr
크라우드웍스,2017년 4월 25일,"106억 8,913만원 (2022)",140 명 재직중,네트워크·통신,중소기업,"서울특별시 강남구 테헤란로 309 5층 (역삼동,삼성제일빌딩)지도보기",//www.crowdworks.ai
월급쟁이부자들,2018년 3월 27일,"239억 9,393만원 (2022)",-,교육기관,중소기업,서울특별시 강남구 역삼1동 834-8번지 2층지도보기,//cafe.naver.com/wecando7
엠지알브이,2018년 10월 1일,"155억 8,548만원 (2022)",87 명 재직중,부동산업,중소기업,서울 성동구 왕십리로 115 헤이그라운드 서울숲점 5층 지504호 (성수동1가)지도보기,//www.mgrv.company
컬리,2014년 12월 31일,"2조 335억 9,450만원 (2022)","2,867 명 재직중",도매·상품중개,중견기업,"서울특별시 강남구 테헤란로 133 (역삼동,한국타이어빌딩)지도보기",//www.kurly.com
모요,2021년 10월 1일,"1조 4,207억 7,900만원 (2022)",783 명 재직중,건설·건축·토목·조경,대기업,서울특별시 강서구 마곡중앙로 150 (마곡동)지도보기,//www.xicna.com
인스피언,2009년 6월 15일,"132억 2,695만원 (2022)",85 명 재직중,언론·출판·신문·잡지,중소기업,"서울특별시 금천구 벚꽃로 278 1012호 (가산동,에스제이테크노빌)지도보기",//www.inspien.co.kr
멘티스코,2017년 9월 19일,"19억 4,214만원 (2022)",45 명 재직중,인터넷·포털·컨텐츠·게임,중소기업,서울특별시 강남구 삼성로85길 35-6 목천빌딩 2/3층지도보기,//www.imantisco.com
여기어때컴퍼니,2015년 9월 21일,"3,058억 7,906만원 (2022)",571 명 재직중,인터넷·포털·컨텐츠·게임,중견기업,서울특별시 강남구 봉은사로 479 11층 (삼성동)지도보기,//www.gccompany.co.kr
솔로몬텍,2012년 3월 2일,"548억 3,127만원 (2022)",510 명 재직중,소프트웨어·솔루션·ASP,중소기업,"서울특별시 영등포구 당산로37길 16 (당산동4가,씨에스로직스복합시설), 3층지도보기",//www.solomontech.net
에이피알,2014년 10월 10일,-,241 명 재직중,유통,중견기업,서울특별시 송파구 올림픽로 300 36층(신천동)지도보기,//www.apr-in.com
컬리,2014년 12월 31일,"2조 335억 9,450만원 (2022)","2,867 명 재직중",도매·상품중개,중견기업,"서울특별시 강남구 테헤란로 133 (역삼동,한국타이어빌딩)지도보기",//www.kurly.com
무신사,2012년 6월 25일,"6,451억 6,211만원 (2022)","1,354 명 재직중",언론·출판·신문·잡지,중견기업,"서울특별시 성동구 아차산로 38 (성수동1가,개풍빌딩)지도보기",//www.musinsa.com
무신사,2012년 6월 25일,"6,451억 6,211만원 (2022)","1,354 명 재직중",언론·출판·신문·잡지,중견기업,"서울특별시 성동구 아차산로 38 (성수동1가,개풍빌딩)지도보기",//www.musinsa.com
세포아소프트,2007년 1월 27일,"42억 5,800만원 (2022)",34 명 재직중,소프트웨어·솔루션·ASP,중소기업,"서울 서초구 바우뫼로 152 501호 (양재동,삼정빌딩)지도보기",//www.sepoasoft.co.kr
클라우드앤,2015년 12월 1일,"9억 8,527만원 (2022)",-,연구개발업,중소기업,"서울 금천구 범안로 1126 1307호 (가산동,대륭21차)지도보기",//www.icloudn.net
한국선불카드,2011년 6월 8일,"130억 4,004만원 (2022)",51 명 재직중,소프트웨어·솔루션·ASP,중소기업,"경기도 성남시 분당구 판교로 253 C동 404호 (삼평동,판교이노밸리)지도보기",//www.kpcard.co.kr
대교,1986년 12월 31일,-,"2,240 명 재직중",학원·학습지,중견기업,"서울 관악구 보라매로3길 23 (봉천동,대교타워)지도보기",//recruit.daekyo.com/
대교,1986년 12월 31일,-,"2,240 명 재직중",학원·학습지,중견기업,"서울 관악구 보라매로3길 23 (봉천동,대교타워)지도보기",//recruit.daekyo.com/
씨드로닉스,2015년 12월 1일,-,-,기계·조선·자동차·운송장비,중소기업,서울특별시 강남구 테헤란로20길 20 삼정빌딩 3층 씨드로닉스 (역삼동)지도보기,//www.seadronix.com
씨드로닉스,2015년 12월 1일,-,-,기계·조선·자동차·운송장비,중소기업,서울특별시 강남구 테헤란로20길 20 삼정빌딩 3층 씨드로닉스 (역삼동)지도보기,//www.seadronix.com
씨드로닉스,2015년 12월 1일,-,-,기계·조선·자동차·운송장비,중소기업,서울특별시 강남구 테헤란로20길 20 삼정빌딩 3층 씨드로닉스 (역삼동)지도보기,//www.seadronix.com
가온브로드밴드,2020년 7월 3일,"2,349억 3,281만원 (2022)",142 명 재직중,제조업기타,중견기업,"경기도 성남시 분당구 성남대로 884-3 2층 (야탑동,가온미디어빌딩)지도보기",//www.kaonbroadband.com
푸드테크,2017년 6월 15일,"12억 6,568만원 (2022)",3 명 재직중,음·식료품·식품가공,중소기업,"충청북도 청주시 흥덕구 가로수로 1251 301-1호 (복대동,충북대학교 G-테크벤처센터)지도보기",//meetchange.imweb.me/index
니어브레인,2022년 2월 17일,-,4 명 재직중,소프트웨어·솔루션·ASP,중소기업,,
우리엔,2007년 3월 26일,"1조 7,677억 7,581만원 (2022)","1,766 명 재직중",인터넷·포털·컨텐츠·게임,중견기업,"서울특별시 강남구 테헤란로 231 (역삼동,센터필드) EAST타워 28-35층지도보기",//www.krafton.com
알지티,-,-,9 명 재직중,전기·전자·반도체,,,
에이에프아이,2017년 9월 22일,"6억 7,717만원 (2022)",15 명 재직중,인터넷·포털·컨텐츠·게임,중소기업,서울특별시 성동구 아차산로 110 성수동2가 성광빌딩 4층 AFI지도보기,//www.afidev.com
가온브로드밴드,2020년 7월 3일,"2,349억 3,281만원 (2022)",142 명 재직중,제조업기타,중견기업,"경기도 성남시 분당구 성남대로 884-3 2층 (야탑동,가온미디어빌딩)지도보기",//www.kaonbroadband.com
씨드로닉스,2015년 12월 1일,-,-,기계·조선·자동차·운송장비,중소기업,서울특별시 강남구 테헤란로20길 20 삼정빌딩 3층 씨드로닉스 (역삼동)지도보기,//www.seadronix.com
소만사,1997년 3월 25일,535억 140만원 (2022),329 명 재직중,소프트웨어·솔루션·ASP,중소기업,서울특별시 영등포구 영신로 220 (영등포동8가)지도보기,//www.somansa.com
에이지엘,2003년 9월 22일,"1,083억 7,397만원 (2022)",61 명 재직중,항공운송,중소기업,서울 강서구 염창동   우림블루나인 B동 608호 에이지엘지도보기,//www.agl.co.kr
아이브,2017년 6월 5일,114억원 (2021),29 명 재직중,도매·상품중개,중소기업,경기도 고양시 일산동구 일산로 138 일산테크노타운지도보기,//www.ivg.co.kr
바텍,1992년 11월 23일,"238억 9,148만원 (2022)",111 명 재직중,전기·전자·반도체,중소기업,경북 구미시 공단동 293번지지도보기,//www.khvatec.com
백금티앤에이,1996년 12월 17일,633억 887만원 (2022),60 명 재직중,전기·전자·반도체,중소기업,"경기도 군포시 엘에스로 153-18 4,5,6층 (산본동)지도보기",//www.bgtna.com
가온브로드밴드,2020년 7월 3일,"2,349억 3,281만원 (2022)",142 명 재직중,제조업기타,중견기업,"경기도 성남시 분당구 성남대로 884-3 2층 (야탑동,가온미디어빌딩)지도보기",//www.kaonbroadband.com
씨드로닉스,2015년 12월 1일,-,-,기계·조선·자동차·운송장비,중소기업,서울특별시 강남구 테헤란로20길 20 삼정빌딩 3층 씨드로닉스 (역삼동)지도보기,//www.seadronix.com
플라잎,2020년 1월 29일,-,20 명 재직중,소프트웨어·솔루션·ASP,중소기업,"경기도 성남시 분당구 대왕판교로 660 (삼평동,유스페이스1) B동 901호지도보기",//www.plaif.com
플라잎,2020년 1월 29일,-,20 명 재직중,소프트웨어·솔루션·ASP,중소기업,"경기도 성남시 분당구 대왕판교로 660 (삼평동,유스페이스1) B동 901호지도보기",//www.plaif.com
인덴트코퍼레이션,2018년 11월 5일,"6억 3,740만원 (2022)",-,소프트웨어·솔루션·ASP,중소기업,,
에임(AIM),2015년 6월 11일,-,22 명 재직중,교육기관,소기업,,
뉴아인,1978년 6월 5일,"477억 2,529만원 (2022)",132 명 재직중,철강·금속·비금속,중소기업,"서울특별시 서초구 바우뫼로37길 23-6 (양재동,태홍빌딩) 3층지도보기",//www.asia.co.kr
엠포스,2000년 11월 17일,"200억 5,269만원 (2022)",237 명 재직중,방송·광고·영상·오디오,중소기업,"강남구 논현1동 204-5번지 MJL빌딩 7층 4층 (방배동,한샘방배빌딩)지도보기",//www.emforce.co.kr
누리랩,2015년 3월 3일,"22억 3,434만원 (2022)",24 명 재직중,소프트웨어·솔루션·ASP,중소기업,"서울 영등포구 영신로 220 1306호 (영등포동8가,KnK디지털타워)지도보기",//wwww.nurilab.com
인터엑스,2010년 7월 30일,"13억 2,825만원 (2022)",11 명 재직중,소프트웨어·솔루션·ASP,중소기업,경기 성남시 분당구 수내동 20-2 초림프라자 308호지도보기,//www.interxsoft.com
인터엑스,2010년 7월 30일,"13억 2,825만원 (2022)",11 명 재직중,소프트웨어·솔루션·ASP,중소기업,경기 성남시 분당구 수내동 20-2 초림프라자 308호지도보기,//www.interxsoft.com
어밸브,2019년 1월 7일,"9억 5,198만원 (2022)",6 명 재직중,개인서비스,중소기업,"서울특별시 서초구 반포대로9길 7 (서초동,서초미래빌딩) 3층 어밸브지도보기",//www.avalve.co.kr/
마이크로프로텍트,2020년 3월 26일,-,7 명 재직중,보험·연금,중소기업,,
피나클 FINAKLE,2020년 12월 23일,"7,000만원 (2022)",7 명 재직중,소프트웨어·솔루션·ASP,중소기업,,
루와콘텐츠그룹,2017년 7월 3일,"17억 3,940만원 (2022)",28 명 재직중,방송·광고·영상·오디오,중소기업,"서울특별시 구로구 디지털로 272 (구로동,한신아이티타워) 411호지도보기",//www.roowa.co.kr
벨루가브루어리,2017년 1월 19일,"3억 8,010만원 (2022)",-,인터넷·포털·컨텐츠·게임,중소기업,서울 마포구 독막로 79 1층 (상수동)지도보기,//veluga.kr
스매시,2017년 2월 20일,5억 964만원 (2022),1 명 재직중,문화·스포츠·엔터테인먼트,중소기업,,
피나클 FINAKLE,2020년 12월 23일,"7,000만원 (2022)",7 명 재직중,소프트웨어·솔루션·ASP,중소기업,,
인터엑스,2010년 7월 30일,"13억 2,825만원 (2022)",11 명 재직중,소프트웨어·솔루션·ASP,중소기업,경기 성남시 분당구 수내동 20-2 초림프라자 308호지도보기,//www.interxsoft.com
인터엑스,2010년 7월 30일,"13억 2,825만원 (2022)",11 명 재직중,소프트웨어·솔루션·ASP,중소기업,경기 성남시 분당구 수내동 20-2 초림프라자 308호지도보기,//www.interxsoft.com
알지티,-,-,9 명 재직중,전기·전자·반도체,,,
수커뮤니케이션,2013년 1월 3일,-,12 명 재직중,언론·출판·신문·잡지,중소기업,"서울특별시 마포구 동교로23길 41 3층 (동교동,골드빌딩)지도보기",//meetthesun.co.kr
에드워드코리아,1992년 9월 1일,"1조 236억 5,598만원 (2022)","1,441 명 재직중",기계·조선·자동차·운송장비,중견기업,충남 천안시 서북구 3공단1로 96 (차암동)지도보기,//www.edwardsvacuum.com
디웨이브,2020년 9월 28일,2만원 (2022),2 명 재직중,개인서비스,중소기업,"서울특별시 강남구 강남대로 354 7층 707호 (역삼동,혜천빌딩)지도보기",//clicksound.kr
투블럭에이아이,2019년 6월 19일,"1억 4,189만원 (2022)",10 명 재직중,소프트웨어·솔루션·ASP,중소기업,,
씨드로닉스,2015년 12월 1일,-,-,기계·조선·자동차·운송장비,중소기업,서울특별시 강남구 테헤란로20길 20 삼정빌딩 3층 씨드로닉스 (역삼동)지도보기,//www.seadronix.com
백금티앤에이,1996년 12월 17일,633억 887만원 (2022),60 명 재직중,전기·전자·반도체,중소기업,"경기도 군포시 엘에스로 153-18 4,5,6층 (산본동)지도보기",//www.bgtna.com
스매치코퍼레이션,2020년 12월 22일,"27억 7,768만원 (2022)",7 명 재직중,소프트웨어·솔루션·ASP,중소기업,,
에이블제이,2021년 1월 29일,"11억 5,730만원 (2022)",2 명 재직중,네트워크·통신,중소기업,"서울특별시 강남구 강남대로94길 18 3층 301호 (역삼동,삼행빌딩)지도보기",//interviewbox.co.kr/
필드서비스,2020년 5월 27일,"7억 1,150만원 (2022)",2 명 재직중,소프트웨어·솔루션·ASP,중소기업,,
지엔에이컴퍼니,2020년 9월 28일,"21억 1,525만원 (2022)",23 명 재직중,소프트웨어·솔루션·ASP,중소기업,"충청남도 아산시 음봉면 산동안길 14 1층 (산동리,씨-스테이션)지도보기",//www.playio.kr
엘리스,2005년 8월 13일,"194억 2,842만원 (2020)",30 명 재직중,가구·목재·펄프·종이,중소기업,경상남도 김해시 생림면 마사로 20-45 (생철리)지도보기,//www.elis.co.kr
에코마케팅,2003년 3월 24일,"521억 8,559만원 (2022)",287 명 재직중,방송·광고·영상·오디오,중소기업,"서울특별시 강남구 학동로 343 14층 에코마케팅 (논현동, 더피나클강남)지도보기",//www.echomarketing.co.kr
세컨신드롬,2016년 4월 30일,100억원 (2023),35 명 재직중,물류,중소기업,"서울특별시 강남구 논현로 417 (역삼동,화원빌딩) 2층지도보기",//www.dalock.kr
크라우드웍스,2017년 4월 25일,"106억 8,913만원 (2022)",140 명 재직중,네트워크·통신,중소기업,"서울특별시 강남구 테헤란로 309 5층 (역삼동,삼성제일빌딩)지도보기",//www.crowdworks.ai
브레이브컴퍼니,2020년 11월 20일,"35억 7,782만원 (2022)",3 명 재직중,쇼핑몰·전자상거래·오픈마켓,중소기업,"서울특별시 강남구 강남대로106길 29 2층 (역삼동,유니켐)지도보기",//www.bravecompany.kr/
위시켓,2012년 10월 25일,"99억 5,818만원 (2022)",6 명 재직중,소프트웨어·솔루션·ASP,중소기업,"서울특별시 강남구 테헤란로43길 18 4층 (역삼동,에스씨빌딩)지도보기",//www.wishket.com
에임(AIM),2015년 6월 11일,-,22 명 재직중,교육기관,소기업,,
로완,2017년 4월 17일,2억 718만원 (2022),-,소프트웨어·솔루션·ASP,중소기업,"서울특별시 중구 통일로 10 1706호 (남대문로5가,연세대학교 세브란스빌딩 플래그원)지도보기",//rowan.kr
딥바이오,2015년 10월 8일,"4,137만원 (2022)",47 명 재직중,연구개발업,중소기업,"서울특별시 구로구 디지털로 242 1201호 (구로동,한화비즈메트로1차)지도보기",//www.deepbio.co.kr
브로즈,2022년 12월 15일,"7,000만원",8 명 재직중,소프트웨어·솔루션·ASP,중소기업,경기도 성남시 수정구 청계산로 686 (고등동) 반도아이비밸리 818호지도보기,//www.seoulbroz.com
인덴트코퍼레이션,2018년 11월 5일,"6억 3,740만원 (2022)",-,소프트웨어·솔루션·ASP,중소기업,,
구름,2011년 7월 29일,"16억 8,494만원 (2021)",30 명 재직중,소매,중소기업,"서울 송파구 백제고분로41길 40 401호 (송파동,부영빌딩)지도보기",//www.goorm.co
큐픽스,2015년 8월 19일,28억 419만원 (2022),59 명 재직중,소프트웨어·솔루션·ASP,중소기업,"경기도 성남시 분당구 대왕판교로 670 B동 605호 (삼평동,유스페이스2)지도보기",//www.cupix.com
엘박스,2019년 5월 8일,"8억 8,179만원 (2022)",-,소프트웨어·솔루션·ASP,중소기업,서울특별시 강남구 테헤란로 242 패스트파이브 선릉2호점 12층지도보기,//lbox.kr
인터엑스,2010년 7월 30일,"13억 2,825만원 (2022)",11 명 재직중,소프트웨어·솔루션·ASP,중소기업,경기 성남시 분당구 수내동 20-2 초림프라자 308호지도보기,//www.interxsoft.com
플루언트,2021년 7월 27일,"1,800만원 (2022)",2 명 재직중,소프트웨어·솔루션·ASP,중소기업,,
인터엑스,2010년 7월 30일,"13억 2,825만원 (2022)",11 명 재직중,소프트웨어·솔루션·ASP,중소기업,경기 성남시 분당구 수내동 20-2 초림프라자 308호지도보기,//www.interxsoft.com
인터엑스,2010년 7월 30일,"13억 2,825만원 (2022)",11 명 재직중,소프트웨어·솔루션·ASP,중소기업,경기 성남시 분당구 수내동 20-2 초림프라자 308호지도보기,//www.interxsoft.com
무신사,2012년 6월 25일,"6,451억 6,211만원 (2022)","1,354 명 재직중",언론·출판·신문·잡지,중견기업,"서울특별시 성동구 아차산로 38 (성수동1가,개풍빌딩)지도보기",//www.musinsa.com
글로벌리어,2015년 4월 3일,"3억 8,722만원 (2022)",54 명 재직중,소프트웨어·솔루션·ASP,중소기업,"서울특별시 금천구 가산디지털1로 146 403호(가산동, 가산대륭22차)지도보기",//www.dotincorp.com
에이블제이,2021년 1월 29일,"11억 5,730만원 (2022)",2 명 재직중,네트워크·통신,중소기업,"서울특별시 강남구 강남대로94길 18 3층 301호 (역삼동,삼행빌딩)지도보기",//interviewbox.co.kr/
인터엑스,2010년 7월 30일,"13억 2,825만원 (2022)",11 명 재직중,소프트웨어·솔루션·ASP,중소기업,경기 성남시 분당구 수내동 20-2 초림프라자 308호지도보기,//www.interxsoft.com
플루언트,2021년 7월 27일,"1,800만원 (2022)",2 명 재직중,소프트웨어·솔루션·ASP,중소기업,,
여기어때컴퍼니,2015년 9월 21일,"3,058억 7,906만원 (2022)",571 명 재직중,인터넷·포털·컨텐츠·게임,중견기업,서울특별시 강남구 봉은사로 479 11층 (삼성동)지도보기,//www.gccompany.co.kr
아이헤이트플라잉버그스,2012년 2월 6일,"131억 5,544만원 (2022)",457 명 재직중,소프트웨어·솔루션·ASP,중소기업,"서울특별시 영등포구 여의대로 108 (여의도동,파크원) 39층지도보기",//mildang.kr/
아이트럭,2018년 7월 5일,51억원 (2021),1 명 재직중,물류,중소기업,,
블루닷,2020년 11월 25일,-,-,교육기관,소기업,,
블루닷,2020년 11월 25일,-,-,교육기관,소기업,,
블루닷,2020년 11월 25일,-,-,교육기관,소기업,,
블루닷,2020년 11월 25일,-,-,교육기관,소기업,,
블루닷,2020년 11월 25일,-,-,교육기관,소기업,,
블루닷,2020년 11월 25일,-,-,교육기관,소기업,,
쉬모스랩,2017년 6월 1일,"2억 2,833만원 (2022)",9 명 재직중,소프트웨어·솔루션·ASP,중소기업,서울특별시 강남구 논현로26길 21 3층 (도곡동)지도보기,//www.schmosslab.com
와들,2021년 3월 16일,-,5 명 재직중,섬유·의복·모피,소기업,,
아데나소프트웨어,2016년 8월 11일,"247억 2,629만원 (2022)",116 명 재직중,소프트웨어·솔루션·ASP,중소기업,"서울 강남구 테헤란로 207 14층 (역삼동,아가방빌딩)지도보기",//www.adenasoft.com
라텔앤드파트너즈,2020년 7월 9일,"33억 2,945만원 (2021)",36 명 재직중,방송·광고·영상·오디오,중소기업,,
아이헤이트플라잉버그스,2012년 2월 6일,"131억 5,544만원 (2022)",457 명 재직중,소프트웨어·솔루션·ASP,중소기업,"서울특별시 영등포구 여의대로 108 (여의도동,파크원) 39층지도보기",//mildang.kr/
제주도닷컴,2003년 10월 12일,"24억 4,820만원 (2022)",23 명 재직중,호텔·여행·항공,중소기업,"서울특별시 구로구 디지털로32길 30 906호 (구로동,코오롱디지털타워빌란트)지도보기",//www.jejuisland.com
어니컴,1998년 9월 8일,260억 67만원 (2022),415 명 재직중,모바일·무선,중소기업,"서울특별시 용산구 두텁바위로 21 5층 (갈월동,어니컴빌딩)지도보기",//www.onycom.com
세포아소프트,2007년 1월 27일,"42억 5,800만원 (2022)",34 명 재직중,소프트웨어·솔루션·ASP,중소기업,"서울 서초구 바우뫼로 152 501호 (양재동,삼정빌딩)지도보기",//www.sepoasoft.co.kr
럭스소프트코리아,2018년 12월 14일,-,44 명 재직중,소프트웨어·솔루션·ASP,중소기업,,
구름,2011년 7월 29일,"16억 8,494만원 (2021)",30 명 재직중,소매,중소기업,"서울 송파구 백제고분로41길 40 401호 (송파동,부영빌딩)지도보기",//www.goorm.co
플루언트,2021년 7월 27일,"1,800만원 (2022)",2 명 재직중,소프트웨어·솔루션·ASP,중소기업,,
스매시,2017년 2월 20일,5억 964만원 (2022),1 명 재직중,문화·스포츠·엔터테인먼트,중소기업,,
피나클 FINAKLE,2020년 12월 23일,"7,000만원 (2022)",7 명 재직중,소프트웨어·솔루션·ASP,중소기업,,
유니메오,2017년 4월 13일,"25억 3,688만원 (2022)",33 명 재직중,연구개발업,중소기업,"서울특별시 서초구 강남대로37길 56-18 (서초동,서초에메랄드빌딩) 4F지도보기",//www.unimewo.com/
플루언트,2021년 7월 27일,"1,800만원 (2022)",2 명 재직중,소프트웨어·솔루션·ASP,중소기업,,
럭스소프트코리아,2018년 12월 14일,-,44 명 재직중,소프트웨어·솔루션·ASP,중소기업,,
패스트뷰,2021년 8월 11일,-,4 명 재직중,생활용품·화장품,중소기업,,
클러스터지원그룹,2008년 4월 24일,"51억 9,575만원 (2021)",48 명 재직중,소프트웨어·솔루션·ASP,중소기업,"경기도 군포시 공단로 149 408호 (당동, 아이밸리군포)지도보기",//www.icoop.or.kr
무신사,2012년 6월 25일,"6,451억 6,211만원 (2022)","1,354 명 재직중",언론·출판·신문·잡지,중견기업,"서울특별시 성동구 아차산로 38 (성수동1가,개풍빌딩)지도보기",//www.musinsa.com
큐픽스,2015년 8월 19일,28억 419만원 (2022),59 명 재직중,소프트웨어·솔루션·ASP,중소기업,"경기도 성남시 분당구 대왕판교로 670 B동 605호 (삼평동,유스페이스2)지도보기",//www.cupix.com
솔로몬텍,2012년 3월 2일,"548억 3,127만원 (2022)",510 명 재직중,소프트웨어·솔루션·ASP,중소기업,"서울특별시 영등포구 당산로37길 16 (당산동4가,씨에스로직스복합시설), 3층지도보기",//www.solomontech.net
패스트뷰,2021년 8월 11일,-,4 명 재직중,생활용품·화장품,중소기업,,
에드워드코리아,1992년 9월 1일,"1조 236억 5,598만원 (2022)","1,441 명 재직중",기계·조선·자동차·운송장비,중견기업,충남 천안시 서북구 3공단1로 96 (차암동)지도보기,//www.edwardsvacuum.com
플루언트,2021년 7월 27일,"1,800만원 (2022)",2 명 재직중,소프트웨어·솔루션·ASP,중소기업,,
프리윌린,2017년 3월 22일,"91억 3,477만원 (2022)",60 명 재직중,네트워크·통신,중소기업,"서울특별시 관악구 관악로 217 3F 프리윌린(봉천동,동진빌딩)지도보기",//www.mathflat.com
플레져,2010년 2월 4일,-,-,교육기관,소기업,경기 수원시 팔달구 화서동 150-3 2층지도보기,//cafe.naver.com/ipleasurejunglegym
스쿨버스,2018년 4월 27일,"12억 1,399만원 (2022)",42 명 재직중,육상운송,중소기업,"서울특별시 강서구 마곡중앙8로1길 26 (마곡동,(주)캐스트윈마곡신사옥)지도보기",//www.safeschoolbus.net
한화비전,2018년 4월 2일,"8,040억 8,711만원 (2022)",895 명 재직중,전기·전자·반도체,대기업,경기도 성남시 분당구 판교로319번길 6 한화테크윈(삼평동)지도보기,//www.hanwha-security.com
르몽,2015년 12월 29일,-,50 명 재직중,식음료·외식(프랜차이즈),중소기업,,
구름,2011년 7월 29일,"16억 8,494만원 (2021)",30 명 재직중,소매,중소기업,"서울 송파구 백제고분로41길 40 401호 (송파동,부영빌딩)지도보기",//www.goorm.co
크라우드웍스,2017년 4월 25일,"106억 8,913만원 (2022)",140 명 재직중,네트워크·통신,중소기업,"서울특별시 강남구 테헤란로 309 5층 (역삼동,삼성제일빌딩)지도보기",//www.crowdworks.ai
인스피언,2009년 6월 15일,"132억 2,695만원 (2022)",85 명 재직중,언론·출판·신문·잡지,중소기업,"서울특별시 금천구 벚꽃로 278 1012호 (가산동,에스제이테크노빌)지도보기",//www.inspien.co.kr
구름,2011년 7월 29일,"16억 8,494만원 (2021)",30 명 재직중,소매,중소기업,"서울 송파구 백제고분로41길 40 401호 (송파동,부영빌딩)지도보기",//www.goorm.co
아일로,2009년 1월 1일,-,7 명 재직중,섬유·의복·모피,중소기업,"서울특별시 강남구 선릉로 820 2층 201호(청담동,남한강빌딩)지도보기",//the_aisle_official
솔로몬텍,2012년 3월 2일,"548억 3,127만원 (2022)",510 명 재직중,소프트웨어·솔루션·ASP,중소기업,"서울특별시 영등포구 당산로37길 16 (당산동4가,씨에스로직스복합시설), 3층지도보기",//www.solomontech.net
더블다운인터액티브,2007년 12월 18일,"273억 2,202만원 (2022)",133 명 재직중,인터넷·포털·컨텐츠·게임,중견기업,"서울 강남구 테헤란로 152 13층 (역삼동,강남파이낸스센터)지도보기",//www.doubledowninteractive.com
로완,2017년 4월 17일,2억 718만원 (2022),-,소프트웨어·솔루션·ASP,중소기업,"서울특별시 중구 통일로 10 1706호 (남대문로5가,연세대학교 세브란스빌딩 플래그원)지도보기",//rowan.kr
인덴트코퍼레이션,2018년 11월 5일,"6억 3,740만원 (2022)",-,소프트웨어·솔루션·ASP,중소기업,,
여기어때컴퍼니,2015년 9월 21일,"3,058억 7,906만원 (2022)",571 명 재직중,인터넷·포털·컨텐츠·게임,중견기업,서울특별시 강남구 봉은사로 479 11층 (삼성동)지도보기,//www.gccompany.co.kr
휴맥스모빌리티,-,-,-,기계장비·운송장비임대,중소기업,,
구름,2011년 7월 29일,"16억 8,494만원 (2021)",30 명 재직중,소매,중소기업,"서울 송파구 백제고분로41길 40 401호 (송파동,부영빌딩)지도보기",//www.goorm.co
비에이치에스엔,2010년 6월 1일,"22억 7,876만원 (2022)",13 명 재직중,소프트웨어·솔루션·ASP,중소기업,"서울특별시 종로구 창경궁로 112-15 201호 (인의동,세일빌딩)지도보기",//www.bhskorea.com
더블유클럽,2021년 2월 22일,"42억 1,616만원 (2022)",10 명 재직중,소프트웨어·솔루션·ASP,중소기업,,
인터엑스,2010년 7월 30일,"13억 2,825만원 (2022)",11 명 재직중,소프트웨어·솔루션·ASP,중소기업,경기 성남시 분당구 수내동 20-2 초림프라자 308호지도보기,//www.interxsoft.com
인터엑스,2010년 7월 30일,"13억 2,825만원 (2022)",11 명 재직중,소프트웨어·솔루션·ASP,중소기업,경기 성남시 분당구 수내동 20-2 초림프라자 308호지도보기,//www.interxsoft.com
무신사,2012년 6월 25일,"6,451억 6,211만원 (2022)","1,354 명 재직중",언론·출판·신문·잡지,중견기업,"서울특별시 성동구 아차산로 38 (성수동1가,개풍빌딩)지도보기",//www.musinsa.com
한국모바일결제,2020년 11월 30일,-,-,소프트웨어·솔루션·ASP,소기업,"서울특별시 강남구 테헤란로2길 27 14층(역삼동,패스트파이브빌딩)지도보기",//www.baroapp.co.kr
글로벌리어,2015년 4월 3일,"3억 8,722만원 (2022)",54 명 재직중,소프트웨어·솔루션·ASP,중소기업,"서울특별시 금천구 가산디지털1로 146 403호(가산동, 가산대륭22차)지도보기",//www.dotincorp.com
라텔앤드파트너즈,2020년 7월 9일,"33억 2,945만원 (2021)",36 명 재직중,방송·광고·영상·오디오,중소기업,,
인터엑스,2010년 7월 30일,"13억 2,825만원 (2022)",11 명 재직중,소프트웨어·솔루션·ASP,중소기업,경기 성남시 분당구 수내동 20-2 초림프라자 308호지도보기,//www.interxsoft.com
무신사,2012년 6월 25일,"6,451억 6,211만원 (2022)","1,354 명 재직중",언론·출판·신문·잡지,중견기업,"서울특별시 성동구 아차산로 38 (성수동1가,개풍빌딩)지도보기",//www.musinsa.com
라텔앤드파트너즈,2020년 7월 9일,"33억 2,945만원 (2021)",36 명 재직중,방송·광고·영상·오디오,중소기업,,
아이헤이트플라잉버그스,2012년 2월 6일,"131억 5,544만원 (2022)",457 명 재직중,소프트웨어·솔루션·ASP,중소기업,"서울특별시 영등포구 여의대로 108 (여의도동,파크원) 39층지도보기",//mildang.kr/
인프랩,2017년 4월 6일,"175억 7,695만원 (2022)",65 명 재직중,교육·연구및개발,중소기업,"경기도 성남시 분당구 대왕판교로 660 A동 405호 (삼평동,유스페이스1)지도보기",//www.inflearn.com
무신사,2012년 6월 25일,"6,451억 6,211만원 (2022)","1,354 명 재직중",언론·출판·신문·잡지,중견기업,"서울특별시 성동구 아차산로 38 (성수동1가,개풍빌딩)지도보기",//www.musinsa.com
무신사,2012년 6월 25일,"6,451억 6,211만원 (2022)","1,354 명 재직중",언론·출판·신문·잡지,중견기업,"서울특별시 성동구 아차산로 38 (성수동1가,개풍빌딩)지도보기",//www.musinsa.com
디어유,2017년 7월 4일,"491억 9,386만원 (2022)",95 명 재직중,소프트웨어·솔루션·ASP,대기업,서울특별시 강남구 학동로25길 37 (논현동)지도보기,//www.dear-u.co
스퀘어스,2021년 9월 1일,"10억 6,862만원 (2022)",7 명 재직중,소프트웨어·솔루션·ASP,중소기업,"서울특별시 중구 수표로 45 (저동2가,비즈센터) 608호지도보기",//www.squares.ai
딥세일즈,2021년 11월 8일,"9억 1,254만원 (2023)",14 명 재직중,소프트웨어·솔루션·ASP,중소기업,"서울특별시 강남구 테헤란로 518 10층 (대치동,한국섬유산업연합회)지도보기",//deepsales.com/+
위시빈,2018년 2월 23일,749만원 (2022),20 명 재직중,인터넷·포털·컨텐츠·게임,중소기업,"서울특별시 중구 남대문로7길 16 (소공동,소공 한국빌딩) 5층지도보기",//www.wishbeen.co.kr/
아더월드,2023년 4월 1일,-,-,인터넷·포털·컨텐츠·게임,중소기업,,
커리어데이,2021년 7월 12일,"8,338만원 (2022)",6 명 재직중,사무지원·콜센터·텔레마케팅,중소기업,,
아이헤이트플라잉버그스,2012년 2월 6일,"131억 5,544만원 (2022)",457 명 재직중,소프트웨어·솔루션·ASP,중소기업,"서울특별시 영등포구 여의대로 108 (여의도동,파크원) 39층지도보기",//mildang.kr/
한국모바일결제,2020년 11월 30일,-,-,소프트웨어·솔루션·ASP,소기업,"서울특별시 강남구 테헤란로2길 27 14층(역삼동,패스트파이브빌딩)지도보기",//www.baroapp.co.kr
멘티스코,2017년 9월 19일,"19억 4,214만원 (2022)",45 명 재직중,인터넷·포털·컨텐츠·게임,중소기업,서울특별시 강남구 삼성로85길 35-6 목천빌딩 2/3층지도보기,//www.imantisco.com
아더월드,2023년 4월 1일,-,-,인터넷·포털·컨텐츠·게임,중소기업,,
구름,2011년 7월 29일,"16억 8,494만원 (2021)",30 명 재직중,소매,중소기업,"서울 송파구 백제고분로41길 40 401호 (송파동,부영빌딩)지도보기",//www.goorm.co
에이지,2005년 7월 26일,"94억 1,437만원 (2018)",22 명 재직중,제조업기타,중소기업,"충청남도 보령시 주포면 관산공단길 26 (주포면,주식회사 에이지)지도보기",//www.f1tech.biz
어밸브,2019년 1월 7일,"9억 5,198만원 (2022)",6 명 재직중,개인서비스,중소기업,"서울특별시 서초구 반포대로9길 7 (서초동,서초미래빌딩) 3층 어밸브지도보기",//www.avalve.co.kr/
한국모바일결제,2020년 11월 30일,-,-,소프트웨어·솔루션·ASP,소기업,"서울특별시 강남구 테헤란로2길 27 14층(역삼동,패스트파이브빌딩)지도보기",//www.baroapp.co.kr
한국모바일결제,2020년 11월 30일,-,-,소프트웨어·솔루션·ASP,소기업,"서울특별시 강남구 테헤란로2길 27 14층(역삼동,패스트파이브빌딩)지도보기",//www.baroapp.co.kr
더블유클럽,2021년 2월 22일,"42억 1,616만원 (2022)",10 명 재직중,소프트웨어·솔루션·ASP,중소기업,,
코넥시오에이치,2020년 3월 25일,"7,431만원 (2022)",15 명 재직중,소프트웨어·솔루션·ASP,중소기업,광주광역시 동구 금남로 193-22 광주AI창업캠프 1호 202호(금남로4가)지도보기,//www.connexioh.net
아이트럭,2018년 7월 5일,51억원 (2021),1 명 재직중,물류,중소기업,,
큐픽스,2015년 8월 19일,28억 419만원 (2022),59 명 재직중,소프트웨어·솔루션·ASP,중소기업,"경기도 성남시 분당구 대왕판교로 670 B동 605호 (삼평동,유스페이스2)지도보기",//www.cupix.com
큐픽스,2015년 8월 19일,28억 419만원 (2022),59 명 재직중,소프트웨어·솔루션·ASP,중소기업,"경기도 성남시 분당구 대왕판교로 670 B동 605호 (삼평동,유스페이스2)지도보기",//www.cupix.com
비사이드코리아,2021년 9월 9일,-,1 명 재직중,소프트웨어·솔루션·ASP,중소기업,,
패스트뷰,2021년 8월 11일,-,4 명 재직중,생활용품·화장품,중소기업,,
씨드로닉스,2015년 12월 1일,-,-,기계·조선·자동차·운송장비,중소기업,서울특별시 강남구 테헤란로20길 20 삼정빌딩 3층 씨드로닉스 (역삼동)지도보기,//www.seadronix.com
페칭,2019년 12월 19일,"8,891만원 (2022)",6 명 재직중,소프트웨어·솔루션·ASP,중소기업,"서울특별시 서초구 사평대로55길 33 301호 (반포동,진석빌딩)지도보기",//www.fetching.co.kr
마인드허브,2019년 11월 5일,"2억 6,255만원 (2022)",2 명 재직중,소프트웨어·솔루션·ASP,중소기업,경기도 안양시 동안구 시민대로327번길 11-41 307호 (관양동)지도보기,//mindhub.ai
펄송,2017년 2월 21일,"8억 6,807만원 (2022)",18 명 재직중,기계·조선·자동차·운송장비,중소기업,"대전광역시 유성구 대학로 179 2동 1층 (궁동,디-브리지 공유오피스)지도보기",//www.lavviebot.com
딥바이오,2015년 10월 8일,"4,137만원 (2022)",47 명 재직중,연구개발업,중소기업,"서울특별시 구로구 디지털로 242 1201호 (구로동,한화비즈메트로1차)지도보기",//www.deepbio.co.kr
코넥시오에이치,2020년 3월 25일,"7,431만원 (2022)",15 명 재직중,소프트웨어·솔루션·ASP,중소기업,광주광역시 동구 금남로 193-22 광주AI창업캠프 1호 202호(금남로4가)지도보기,//www.connexioh.net
리본솔루션,1999년 12월 18일,17억 463만원 (2012),8 명 재직중,인쇄·기록매체복제업,중소기업,경기도 안양시 동안구 흥안대로 61-1 지층 (호계동)지도보기,//www.elabelmart.com
딥바이오,2015년 10월 8일,"4,137만원 (2022)",47 명 재직중,연구개발업,중소기업,"서울특별시 구로구 디지털로 242 1201호 (구로동,한화비즈메트로1차)지도보기",//www.deepbio.co.kr
구름,2011년 7월 29일,"16억 8,494만원 (2021)",30 명 재직중,소매,중소기업,"서울 송파구 백제고분로41길 40 401호 (송파동,부영빌딩)지도보기",//www.goorm.co
비디오몬스터,2015년 9월 18일,"10억 2,751만원 (2022)",24 명 재직중,소프트웨어·솔루션·ASP,중소기업,"서울특별시 중구 을지로 55 (을지로2가,하나은행별관빌딩) 교원명동빌딩 5층지도보기",//www.videomonster.com
아이투맥스,2003년 1월 17일,271억 529만원 (2022),191 명 재직중,소프트웨어·솔루션·ASP,중소기업,"서울특별시 마포구 마포대로 137 6층 (공덕동,KPX빌딩)지도보기",//www.i2max.co.kr
드리븐,2018년 5월 15일,"31억 9,302만원 (2022)",10 명 재직중,방송·광고·영상·오디오,중소기업,"서울특별시 강남구 선릉로145길 13 202호 (논현동,럭스웨이빌딩)지도보기",//www.alivaad.com
한화비전,2018년 4월 2일,"8,040억 8,711만원 (2022)",895 명 재직중,전기·전자·반도체,대기업,경기도 성남시 분당구 판교로319번길 6 한화테크윈(삼평동)지도보기,//www.hanwha-security.com
스퀘어스,2021년 9월 1일,"10억 6,862만원 (2022)",7 명 재직중,소프트웨어·솔루션·ASP,중소기업,"서울특별시 중구 수표로 45 (저동2가,비즈센터) 608호지도보기",//www.squares.ai
르몽,2015년 12월 29일,-,50 명 재직중,식음료·외식(프랜차이즈),중소기업,,
더블유클럽,2021년 2월 22일,"42억 1,616만원 (2022)",10 명 재직중,소프트웨어·솔루션·ASP,중소기업,,
누벤트,2014년 10월 10일,"1억 9,745만원 (2022)",14 명 재직중,모바일·무선,중소기업,"서울특별시 강남구 역삼로63길 19 4층 (대치동,우희빌딩)지도보기",//www.shareat.me
스페이스애드,2017년 12월 20일,-,60 명 재직중,방송·광고·영상·오디오,중소기업,서울특별시 강남구 도산대로 156 5층 (논현동)지도보기,//www.spaceadd.com
아이헤이트플라잉버그스,2012년 2월 6일,"131억 5,544만원 (2022)",457 명 재직중,소프트웨어·솔루션·ASP,중소기업,"서울특별시 영등포구 여의대로 108 (여의도동,파크원) 39층지도보기",//mildang.kr/
제로엑스플로우,2017년 7월 3일,"2억 1,873만원 (2022)",10 명 재직중,소프트웨어·솔루션·ASP,중소기업,"서울특별시 마포구 마포대로 122 16층 (공덕동,프론트원빌딩)지도보기",//1hour.ai/
가온브로드밴드,2020년 7월 3일,"2,349억 3,281만원 (2022)",142 명 재직중,제조업기타,중견기업,"경기도 성남시 분당구 성남대로 884-3 2층 (야탑동,가온미디어빌딩)지도보기",//www.kaonbroadband.com
어니컴,1998년 9월 8일,260억 67만원 (2022),415 명 재직중,모바일·무선,중소기업,"서울특별시 용산구 두텁바위로 21 5층 (갈월동,어니컴빌딩)지도보기",//www.onycom.com
세포아소프트,2007년 1월 27일,"42억 5,800만원 (2022)",34 명 재직중,소프트웨어·솔루션·ASP,중소기업,"서울 서초구 바우뫼로 152 501호 (양재동,삼정빌딩)지도보기",//www.sepoasoft.co.kr
럭스소프트코리아,2018년 12월 14일,-,44 명 재직중,소프트웨어·솔루션·ASP,중소기업,,
에쓰오씨소프트,1984년 4월 26일,"108억 3,359만원 (2022)",29 명 재직중,소프트웨어·솔루션·ASP,중소기업,"서울특별시 구로구 디지털로 272 704호 (구로동,한신아이티타워)지도보기",//www.mapinfo.co.kr
에쓰오씨소프트,1984년 4월 26일,"108억 3,359만원 (2022)",29 명 재직중,소프트웨어·솔루션·ASP,중소기업,"서울특별시 구로구 디지털로 272 704호 (구로동,한신아이티타워)지도보기",//www.mapinfo.co.kr
무신사,2012년 6월 25일,"6,451억 6,211만원 (2022)","1,354 명 재직중",언론·출판·신문·잡지,중견기업,"서울특별시 성동구 아차산로 38 (성수동1가,개풍빌딩)지도보기",//www.musinsa.com
에쓰오씨소프트,1984년 4월 26일,"108억 3,359만원 (2022)",29 명 재직중,소프트웨어·솔루션·ASP,중소기업,"서울특별시 구로구 디지털로 272 704호 (구로동,한신아이티타워)지도보기",//www.mapinfo.co.kr
에쓰오씨소프트,1984년 4월 26일,"108억 3,359만원 (2022)",29 명 재직중,소프트웨어·솔루션·ASP,중소기업,"서울특별시 구로구 디지털로 272 704호 (구로동,한신아이티타워)지도보기",//www.mapinfo.co.kr
갤럭시아머니트리,1994년 10월 5일,"1,101억 8,842만원 (2022)",148 명 재직중,소프트웨어·솔루션·ASP,대기업,"서울특별시 강남구 광평로 281 12층 1501호 (수서동,수서빌딩)지도보기",//www.galaxiamoneytree.co.kr
클러스터지원그룹,2008년 4월 24일,"51억 9,575만원 (2021)",48 명 재직중,소프트웨어·솔루션·ASP,중소기업,"경기도 군포시 공단로 149 408호 (당동, 아이밸리군포)지도보기",//www.icoop.or.kr
큐픽스,2015년 8월 19일,28억 419만원 (2022),59 명 재직중,소프트웨어·솔루션·ASP,중소기업,"경기도 성남시 분당구 대왕판교로 670 B동 605호 (삼평동,유스페이스2)지도보기",//www.cupix.com
제노솔루션,-,-,-,용역·인력알선,소기업,,
디어유,2017년 7월 4일,"491억 9,386만원 (2022)",95 명 재직중,소프트웨어·솔루션·ASP,대기업,서울특별시 강남구 학동로25길 37 (논현동)지도보기,//www.dear-u.co
크라우드웍스,2017년 4월 25일,"106억 8,913만원 (2022)",140 명 재직중,네트워크·통신,중소기업,"서울특별시 강남구 테헤란로 309 5층 (역삼동,삼성제일빌딩)지도보기",//www.crowdworks.ai
인스피언,2009년 6월 15일,"132억 2,695만원 (2022)",85 명 재직중,언론·출판·신문·잡지,중소기업,"서울특별시 금천구 벚꽃로 278 1012호 (가산동,에스제이테크노빌)지도보기",//www.inspien.co.kr
무신사,2012년 6월 25일,"6,451억 6,211만원 (2022)","1,354 명 재직중",언론·출판·신문·잡지,중견기업,"서울특별시 성동구 아차산로 38 (성수동1가,개풍빌딩)지도보기",//www.musinsa.com
무신사,2012년 6월 25일,"6,451억 6,211만원 (2022)","1,354 명 재직중",언론·출판·신문·잡지,중견기업,"서울특별시 성동구 아차산로 38 (성수동1가,개풍빌딩)지도보기",//www.musinsa.com
세컨신드롬,2016년 4월 30일,100억원 (2023),35 명 재직중,물류,중소기업,"서울특별시 강남구 논현로 417 (역삼동,화원빌딩) 2층지도보기",//www.dalock.kr
라이드,-,-,-,네트워크·통신,,,
엑스페릭스,2017년 4월 3일,"144억 7,035만원 (2022)",71 명 재직중,전기·전자·반도체,중소기업,"경기 성남시 중원구 사기막골로62번길 37 1207호 (상대원동,스타타워)지도보기",//www.xperix.com
선후,2018년 8월 10일,"4억 9,345만원 (2022)",11 명 재직중,전기·전자·반도체,중소기업,,
네이처프라임,2018년 5월 9일,"157억 7,370만원 (2022)",18 명 재직중,도매·상품중개,중소기업,경기도 포천시 가산면 가산로96번길 44-1 네이처프라임지도보기,//www.natureprime.co.kr
이터널,2021년 12월 17일,120억원 (2022),1 명 재직중,도매·상품중개,중소기업,"서울특별시 송파구 법원로9길 26 에이치비지니스파크 씨동 1011호, 1012호, 1013호, 1014호, 1015호 (문정동)지도보기",//etunnel.net/
피나클 FINAKLE,2020년 12월 23일,"7,000만원 (2022)",7 명 재직중,소프트웨어·솔루션·ASP,중소기업,,
디케이테크인,2009,-,-,전기·전자·반도체,소기업,,
에이치비엠피,2014년 9월 23일,"2억 7,847만원 (2022)",8 명 재직중,사무지원·콜센터·텔레마케팅,중소기업,제주 제주시 이도이동 1176-67번지 제주벤처마루 4층 4층 제주벤처마루 (이도이동)지도보기,//www.teeshot.co.kr
스매시,2017년 2월 20일,5억 964만원 (2022),1 명 재직중,문화·스포츠·엔터테인먼트,중소기업,,
선후,2018년 8월 10일,"4억 9,345만원 (2022)",11 명 재직중,전기·전자·반도체,중소기업,,
비사이드코리아,2021년 9월 9일,-,1 명 재직중,소프트웨어·솔루션·ASP,중소기업,,
일루니,2010년 9월 17일,11억 315만원 (2022),5 명 재직중,전기·전자·반도체,중소기업,"경기 부천시 석천로 397 101동 1211호 (삼정동,부천테크노파크쌍용3차)지도보기",//www.dl-ing.co.kr
링글잉글리시에듀케이션서비스,2015년 5월 29일,"94억 6,821만원 (2022)",51 명 재직중,학원·학습지,중소기업,"서울특별시 서초구 서초대로78길 22 11층 (서초동,홍우제2빌딩)지도보기",//www.ringleplus.com
마이크로프로텍트,2020년 3월 26일,-,7 명 재직중,보험·연금,중소기업,,
스쿨버스,2018년 4월 27일,"12억 1,399만원 (2022)",42 명 재직중,육상운송,중소기업,"서울특별시 강서구 마곡중앙8로1길 26 (마곡동,(주)캐스트윈마곡신사옥)지도보기",//www.safeschoolbus.net
뱅크샐러드,2012년 7월 2일,"43억 7,092만원 (2022)",203 명 재직중,소프트웨어·솔루션·ASP,중소기업,"서울특별시 영등포구 여의대로 108 43, 44층(여의도동,파크원)지도보기",//www.banksalad.com
대교,1986년 12월 31일,-,"2,240 명 재직중",학원·학습지,중견기업,"서울 관악구 보라매로3길 23 (봉천동,대교타워)지도보기",//recruit.daekyo.com/
대교,1986년 12월 31일,-,"2,240 명 재직중",학원·학습지,중견기업,"서울 관악구 보라매로3길 23 (봉천동,대교타워)지도보기",//recruit.daekyo.com/
플레어랩스,2022년 4월 15일,-,1 명 재직중,소프트웨어·솔루션·ASP,중소기업,서울특별시 강남구 테헤란로2길 27 패스트파이브 강남5호점지도보기,//flarelane.co.kr
큐픽스,2015년 8월 19일,28억 419만원 (2022),59 명 재직중,소프트웨어·솔루션·ASP,중소기업,"경기도 성남시 분당구 대왕판교로 670 B동 605호 (삼평동,유스페이스2)지도보기",//www.cupix.com
에이치비엠피,2014년 9월 23일,"2억 7,847만원 (2022)",8 명 재직중,사무지원·콜센터·텔레마케팅,중소기업,제주 제주시 이도이동 1176-67번지 제주벤처마루 4층 4층 제주벤처마루 (이도이동)지도보기,//www.teeshot.co.kr
라이드,-,-,-,네트워크·통신,,,
엑스페릭스,2017년 4월 3일,"144억 7,035만원 (2022)",71 명 재직중,전기·전자·반도체,중소기업,"경기 성남시 중원구 사기막골로62번길 37 1207호 (상대원동,스타타워)지도보기",//www.xperix.com
선후,2018년 8월 10일,"4억 9,345만원 (2022)",11 명 재직중,전기·전자·반도체,중소기업,,
네이처프라임,2018년 5월 9일,"157억 7,370만원 (2022)",18 명 재직중,도매·상품중개,중소기업,경기도 포천시 가산면 가산로96번길 44-1 네이처프라임지도보기,//www.natureprime.co.kr
에임(AIM),2015년 6월 11일,-,22 명 재직중,교육기관,소기업,,
번개장터,2022년 7월 4일,"1,498만원 (2022)",5 명 재직중,쇼핑몰·전자상거래·오픈마켓,중소기업,,
이터널,2021년 12월 17일,120억원 (2022),1 명 재직중,도매·상품중개,중소기업,"서울특별시 송파구 법원로9길 26 에이치비지니스파크 씨동 1011호, 1012호, 1013호, 1014호, 1015호 (문정동)지도보기",//etunnel.net/
세컨신드롬,2016년 4월 30일,100억원 (2023),35 명 재직중,물류,중소기업,"서울특별시 강남구 논현로 417 (역삼동,화원빌딩) 2층지도보기",//www.dalock.kr
디케이테크인,2009,-,-,전기·전자·반도체,소기업,,
에임(AIM),2015년 6월 11일,-,22 명 재직중,교육기관,소기업,,
에이치비엠피,2014년 9월 23일,"2억 7,847만원 (2022)",8 명 재직중,사무지원·콜센터·텔레마케팅,중소기업,제주 제주시 이도이동 1176-67번지 제주벤처마루 4층 4층 제주벤처마루 (이도이동)지도보기,//www.teeshot.co.kr
스매시,2017년 2월 20일,5억 964만원 (2022),1 명 재직중,문화·스포츠·엔터테인먼트,중소기업,,
선후,2018년 8월 10일,"4억 9,345만원 (2022)",11 명 재직중,전기·전자·반도체,중소기업,,
비사이드코리아,2021년 9월 9일,-,1 명 재직중,소프트웨어·솔루션·ASP,중소기업,,
링글잉글리시에듀케이션서비스,2015년 5월 29일,"94억 6,821만원 (2022)",51 명 재직중,학원·학습지,중소기업,"서울특별시 서초구 서초대로78길 22 11층 (서초동,홍우제2빌딩)지도보기",//www.ringleplus.com
마이크로프로텍트,2020년 3월 26일,-,7 명 재직중,보험·연금,중소기업,,
멘티스코,2017년 9월 19일,"19억 4,214만원 (2022)",45 명 재직중,인터넷·포털·컨텐츠·게임,중소기업,서울특별시 강남구 삼성로85길 35-6 목천빌딩 2/3층지도보기,//www.imantisco.com
뱅크샐러드,2012년 7월 2일,"43억 7,092만원 (2022)",203 명 재직중,소프트웨어·솔루션·ASP,중소기업,"서울특별시 영등포구 여의대로 108 43, 44층(여의도동,파크원)지도보기",//www.banksalad.com
바텍,1992년 11월 23일,"238억 9,148만원 (2022)",111 명 재직중,전기·전자·반도체,중소기업,경북 구미시 공단동 293번지지도보기,//www.khvatec.com
가온브로드밴드,2020년 7월 3일,"2,349억 3,281만원 (2022)",142 명 재직중,제조업기타,중견기업,"경기도 성남시 분당구 성남대로 884-3 2층 (야탑동,가온미디어빌딩)지도보기",//www.kaonbroadband.com
스매시,2017년 2월 20일,5억 964만원 (2022),1 명 재직중,문화·스포츠·엔터테인먼트,중소기업,,
럭스소프트코리아,2018년 12월 14일,-,44 명 재직중,소프트웨어·솔루션·ASP,중소기업,,
알지티,-,-,9 명 재직중,전기·전자·반도체,,,
알지티,-,-,9 명 재직중,전기·전자·반도체,,,
알지티,-,-,9 명 재직중,전기·전자·반도체,,,
가온브로드밴드,2020년 7월 3일,"2,349억 3,281만원 (2022)",142 명 재직중,제조업기타,중견기업,"경기도 성남시 분당구 성남대로 884-3 2층 (야탑동,가온미디어빌딩)지도보기",//www.kaonbroadband.com
이온어스,2020년 2월 4일,"12억 9,961만원 (2022)",18 명 재직중,전기·전자·반도체,중소기업,,
씨드로닉스,2015년 12월 1일,-,-,기계·조선·자동차·운송장비,중소기업,서울특별시 강남구 테헤란로20길 20 삼정빌딩 3층 씨드로닉스 (역삼동)지도보기,//www.seadronix.com
이터널,2021년 12월 17일,120억원 (2022),1 명 재직중,도매·상품중개,중소기업,"서울특별시 송파구 법원로9길 26 에이치비지니스파크 씨동 1011호, 1012호, 1013호, 1014호, 1015호 (문정동)지도보기",//etunnel.net/
뉴아인,1978년 6월 5일,"477억 2,529만원 (2022)",132 명 재직중,철강·금속·비금속,중소기업,"서울특별시 서초구 바우뫼로37길 23-6 (양재동,태홍빌딩) 3층지도보기",//www.asia.co.kr
다보링크,2019년 10월 17일,"775억 4,550만원 (2021)",86 명 재직중,전기·전자·반도체,중소기업,경기도 안양시 동안구 벌말로 112 (관양동)지도보기,//www.davolink.co.kr
바텍,1992년 11월 23일,"238억 9,148만원 (2022)",111 명 재직중,전기·전자·반도체,중소기업,경북 구미시 공단동 293번지지도보기,//www.khvatec.com
가온브로드밴드,2020년 7월 3일,"2,349억 3,281만원 (2022)",142 명 재직중,제조업기타,중견기업,"경기도 성남시 분당구 성남대로 884-3 2층 (야탑동,가온미디어빌딩)지도보기",//www.kaonbroadband.com
세포아소프트,2007년 1월 27일,"42억 5,800만원 (2022)",34 명 재직중,소프트웨어·솔루션·ASP,중소기업,"서울 서초구 바우뫼로 152 501호 (양재동,삼정빌딩)지도보기",//www.sepoasoft.co.kr
인터엑스,2010년 7월 30일,"13억 2,825만원 (2022)",11 명 재직중,소프트웨어·솔루션·ASP,중소기업,경기 성남시 분당구 수내동 20-2 초림프라자 308호지도보기,//www.interxsoft.com
무신사,2012년 6월 25일,"6,451억 6,211만원 (2022)","1,354 명 재직중",언론·출판·신문·잡지,중견기업,"서울특별시 성동구 아차산로 38 (성수동1가,개풍빌딩)지도보기",//www.musinsa.com
디케이테크인,2009,-,-,전기·전자·반도체,소기업,,
에쓰오씨소프트,1984년 4월 26일,"108억 3,359만원 (2022)",29 명 재직중,소프트웨어·솔루션·ASP,중소기업,"서울특별시 구로구 디지털로 272 704호 (구로동,한신아이티타워)지도보기",//www.mapinfo.co.kr
갤럭시아머니트리,1994년 10월 5일,"1,101억 8,842만원 (2022)",148 명 재직중,소프트웨어·솔루션·ASP,대기업,"서울특별시 강남구 광평로 281 12층 1501호 (수서동,수서빌딩)지도보기",//www.galaxiamoneytree.co.kr
제노솔루션,-,-,-,용역·인력알선,소기업,,
이온어스,2020년 2월 4일,"12억 9,961만원 (2022)",18 명 재직중,전기·전자·반도체,중소기업,,
솔로몬텍,2012년 3월 2일,"548억 3,127만원 (2022)",510 명 재직중,소프트웨어·솔루션·ASP,중소기업,"서울특별시 영등포구 당산로37길 16 (당산동4가,씨에스로직스복합시설), 3층지도보기",//www.solomontech.net
업템포글로벌,2020년 1월 20일,"32억 4,689만원 (2022)",50 명 재직중,연구개발업,중소기업,"서울특별시 강남구 선릉로99길 9 2층 (역삼동,영성빌딩)지도보기",//www.uptempoglobal.com
휴먼아이씨티,2011년 8월 8일,22억 373만원 (2022),22 명 재직중,소프트웨어·솔루션·ASP,중소기업,"서울특별시 강남구 강남대로 310 1008호 (역삼동,유니온센터)지도보기",//www.hictc.com
크라우드웍스,2017년 4월 25일,"106억 8,913만원 (2022)",140 명 재직중,네트워크·통신,중소기업,"서울특별시 강남구 테헤란로 309 5층 (역삼동,삼성제일빌딩)지도보기",//www.crowdworks.ai
무신사,2012년 6월 25일,"6,451억 6,211만원 (2022)","1,354 명 재직중",언론·출판·신문·잡지,중견기업,"서울특별시 성동구 아차산로 38 (성수동1가,개풍빌딩)지도보기",//www.musinsa.com
솔로몬텍,2012년 3월 2일,"548억 3,127만원 (2022)",510 명 재직중,소프트웨어·솔루션·ASP,중소기업,"서울특별시 영등포구 당산로37길 16 (당산동4가,씨에스로직스복합시설), 3층지도보기",//www.solomontech.net
솔로몬텍,2012년 3월 2일,"548억 3,127만원 (2022)",510 명 재직중,소프트웨어·솔루션·ASP,중소기업,"서울특별시 영등포구 당산로37길 16 (당산동4가,씨에스로직스복합시설), 3층지도보기",//www.solomontech.net
플래티어,2005년 2월 24일,"499억 5,714만원 (2022)",278 명 재직중,소프트웨어·솔루션·ASP,중소기업,"서울 송파구 법원로9길 26 D동 6층 (문정동,에이치비지니스파크)지도보기",//www.plateer.com
마카롱팩토리,2015년 3월 1일,"102억 3,093만원 (2022)",-,모바일·무선,중소기업,"경기도 성남시 수정구 대왕판교로 815 (시흥동,판교창조경제밸리 기업지원허브)지도보기",//macarong.net
디케이테크인,2009,-,-,전기·전자·반도체,소기업,,
인터엑스,2010년 7월 30일,"13억 2,825만원 (2022)",11 명 재직중,소프트웨어·솔루션·ASP,중소기업,경기 성남시 분당구 수내동 20-2 초림프라자 308호지도보기,//www.interxsoft.com
무신사,2012년 6월 25일,"6,451억 6,211만원 (2022)","1,354 명 재직중",언론·출판·신문·잡지,중견기업,"서울특별시 성동구 아차산로 38 (성수동1가,개풍빌딩)지도보기",//www.musinsa.com
씨엔알리서치,2022년 8월 9일,-,-,의약·보건·사회복지,중소기업,,
에스제이에이치스튜디오,2015년 10월 19일,-,15 명 재직중,소프트웨어·솔루션·ASP,중소기업,서울특별시 강남구 논현로85길 46 (역삼동) 메가존빌딩 11층지도보기,//www.sjh-studio.com/
컬리,2014년 12월 31일,"2조 335억 9,450만원 (2022)","2,867 명 재직중",도매·상품중개,중견기업,"서울특별시 강남구 테헤란로 133 (역삼동,한국타이어빌딩)지도보기",//www.kurly.com
여기어때컴퍼니,2015년 9월 21일,"3,058억 7,906만원 (2022)",571 명 재직중,인터넷·포털·컨텐츠·게임,중견기업,서울특별시 강남구 봉은사로 479 11층 (삼성동)지도보기,//www.gccompany.co.kr
잉카엔트웍스,2000년 10월 5일,"46억 1,808만원 (2022)",62 명 재직중,소프트웨어·솔루션·ASP,중소기업,서울특별시 용산구 한강대로44길 16 (한강로2가) 잉카엔트웍스지도보기,//www.inka.co.kr
씨드로닉스,2015년 12월 1일,-,-,기계·조선·자동차·운송장비,중소기업,서울특별시 강남구 테헤란로20길 20 삼정빌딩 3층 씨드로닉스 (역삼동)지도보기,//www.seadronix.com
씨드로닉스,2015년 12월 1일,-,-,기계·조선·자동차·운송장비,중소기업,서울특별시 강남구 테헤란로20길 20 삼정빌딩 3층 씨드로닉스 (역삼동)지도보기,//www.seadronix.com
아이오바이오,2011년 8월 9일,"11억 9,139만원 (2022)",34 명 재직중,의료·정밀·시계·광학기기,중소기업,"서울특별시 강남구 테헤란로4길 38 8층 801호 (역삼동,태영빌딩)지도보기",//www.aiobio.co.kr
씨드로닉스,2015년 12월 1일,-,-,기계·조선·자동차·운송장비,중소기업,서울특별시 강남구 테헤란로20길 20 삼정빌딩 3층 씨드로닉스 (역삼동)지도보기,//www.seadronix.com
경우시스테크,1999년 7월 7일,"258억 9,469만원 (2022)",86 명 재직중,전기·전자·반도체,중소기업,서울 금천구 디지털로9길 68 401호지도보기,//www.kyungwoo.com
아이알큐더스,2000년 2월 1일,"54억 5,996만원 (2022)",76 명 재직중,법률·회계,중소기업,"서울특별시 영등포구 국제금융로8길 2 14층 (여의도동,농협재단빌딩)지도보기",//www.irkudos.co.kr
플라잎,2020년 1월 29일,-,20 명 재직중,소프트웨어·솔루션·ASP,중소기업,"경기도 성남시 분당구 대왕판교로 660 (삼평동,유스페이스1) B동 901호지도보기",//www.plaif.com
스펙터,2020년 6월 1일,"2,014만원 (2022)",25 명 재직중,웹에이젼시·IT컨설팅,중소기업,서울특별시 강남구 테헤란로7길 22 9층 (역삼동)지도보기,//www.specter.co.kr
바이온사이트,2019년 10월 24일,-,14 명 재직중,연구개발업,중소기업,"서울특별시 성동구 왕십리로 58 (성수동1가,FORHU) 418호지도보기",//bionsight.com
액스,2015년 5월 25일,38억원 (2019),33 명 재직중 (헤드헌터 1 명),용역·인력알선,중소기업,서울특별시 강남구 테헤란로 216 근무지 파주지도보기,//www.pxi365.com
디어유,2017년 7월 4일,"491억 9,386만원 (2022)",95 명 재직중,소프트웨어·솔루션·ASP,대기업,서울특별시 강남구 학동로25길 37 (논현동)지도보기,//www.dear-u.co
유니드컴즈,2014년 12월 23일,"42억 1,815만원 (2022)",36 명 재직중,소프트웨어·솔루션·ASP,중소기업,서울특별시 마포구 양화로 81 L1층 L105호(패스트파이브 합정점)지도보기,//www.uneedcomms.com
딥바이오,2015년 10월 8일,"4,137만원 (2022)",47 명 재직중,연구개발업,중소기업,"서울특별시 구로구 디지털로 242 1201호 (구로동,한화비즈메트로1차)지도보기",//www.deepbio.co.kr
마크비전코리아,2019년 12월 12일,-,100 명 재직중,소프트웨어·솔루션·ASP,중소기업,"서울특별시 강남구 테헤란로 427 6층 (삼성동,위워크타워)지도보기",//www.marqvision.com
리콘랩스,2019년 11월 14일,"2억 9,179만원 (2022)",40 명 재직중,소프트웨어·솔루션·ASP,중소기업,서울특별시 강남구 학동로53길 30 (논현동)지도보기,//reconlabs.kr
업템포글로벌,2020년 1월 20일,"32억 4,689만원 (2022)",50 명 재직중,연구개발업,중소기업,"서울특별시 강남구 선릉로99길 9 2층 (역삼동,영성빌딩)지도보기",//www.uptempoglobal.com
업템포글로벌,2020년 1월 20일,"32억 4,689만원 (2022)",50 명 재직중,연구개발업,중소기업,"서울특별시 강남구 선릉로99길 9 2층 (역삼동,영성빌딩)지도보기",//www.uptempoglobal.com
바이온사이트,2019년 10월 24일,-,14 명 재직중,연구개발업,중소기업,"서울특별시 성동구 왕십리로 58 (성수동1가,FORHU) 418호지도보기",//bionsight.com
바이온사이트,2019년 10월 24일,-,14 명 재직중,연구개발업,중소기업,"서울특별시 성동구 왕십리로 58 (성수동1가,FORHU) 418호지도보기",//bionsight.com
인터엑스,2010년 7월 30일,"13억 2,825만원 (2022)",11 명 재직중,소프트웨어·솔루션·ASP,중소기업,경기 성남시 분당구 수내동 20-2 초림프라자 308호지도보기,//www.interxsoft.com
인터엑스,2010년 7월 30일,"13억 2,825만원 (2022)",11 명 재직중,소프트웨어·솔루션·ASP,중소기업,경기 성남시 분당구 수내동 20-2 초림프라자 308호지도보기,//www.interxsoft.com
모요,2021년 10월 1일,"1조 4,207억 7,900만원 (2022)",783 명 재직중,건설·건축·토목·조경,대기업,서울특별시 강서구 마곡중앙로 150 (마곡동)지도보기,//www.xicna.com
한국모바일결제,2020년 11월 30일,-,-,소프트웨어·솔루션·ASP,소기업,"서울특별시 강남구 테헤란로2길 27 14층(역삼동,패스트파이브빌딩)지도보기",//www.baroapp.co.kr
글로벌리어,2015년 4월 3일,"3억 8,722만원 (2022)",54 명 재직중,소프트웨어·솔루션·ASP,중소기업,"서울특별시 금천구 가산디지털1로 146 403호(가산동, 가산대륭22차)지도보기",//www.dotincorp.com
인터엑스,2010년 7월 30일,"13억 2,825만원 (2022)",11 명 재직중,소프트웨어·솔루션·ASP,중소기업,경기 성남시 분당구 수내동 20-2 초림프라자 308호지도보기,//www.interxsoft.com
무신사,2012년 6월 25일,"6,451억 6,211만원 (2022)","1,354 명 재직중",언론·출판·신문·잡지,중견기업,"서울특별시 성동구 아차산로 38 (성수동1가,개풍빌딩)지도보기",//www.musinsa.com
인프랩,2017년 4월 6일,"175억 7,695만원 (2022)",65 명 재직중,교육·연구및개발,중소기업,"경기도 성남시 분당구 대왕판교로 660 A동 405호 (삼평동,유스페이스1)지도보기",//www.inflearn.com
아이트럭,2018년 7월 5일,51억원 (2021),1 명 재직중,물류,중소기업,,
씨엔알리서치,2022년 8월 9일,-,-,의약·보건·사회복지,중소기업,,
디웨이브,2020년 9월 28일,2만원 (2022),2 명 재직중,개인서비스,중소기업,"서울특별시 강남구 강남대로 354 7층 707호 (역삼동,혜천빌딩)지도보기",//clicksound.kr
번개장터,2022년 7월 4일,"1,498만원 (2022)",5 명 재직중,쇼핑몰·전자상거래·오픈마켓,중소기업,,
뱅크샐러드,2012년 7월 2일,"43억 7,092만원 (2022)",203 명 재직중,소프트웨어·솔루션·ASP,중소기업,"서울특별시 영등포구 여의대로 108 43, 44층(여의도동,파크원)지도보기",//www.banksalad.com
현대캐피탈,1993년 12월 22일,"3조 262억 2,574만원 (2022)","2,175 명 재직중",은행·카드·투자기관,대기업,서울특별시 영등포구 의사당대로 3 (여의도동)지도보기,//www.hyundaicapital.com
무신사,2012년 6월 25일,"6,451억 6,211만원 (2022)","1,354 명 재직중",언론·출판·신문·잡지,중견기업,"서울특별시 성동구 아차산로 38 (성수동1가,개풍빌딩)지도보기",//www.musinsa.com
아이트럭,2018년 7월 5일,51억원 (2021),1 명 재직중,물류,중소기업,,
아이트럭,2018년 7월 5일,51억원 (2021),1 명 재직중,물류,중소기업,,
알스퀘어,2023년 4월 30일,-,-,법률·회계,소기업,,
잉카엔트웍스,2000년 10월 5일,"46억 1,808만원 (2022)",62 명 재직중,소프트웨어·솔루션·ASP,중소기업,서울특별시 용산구 한강대로44길 16 (한강로2가) 잉카엔트웍스지도보기,//www.inka.co.kr
아이헤이트플라잉버그스,2012년 2월 6일,"131억 5,544만원 (2022)",457 명 재직중,소프트웨어·솔루션·ASP,중소기업,"서울특별시 영등포구 여의대로 108 (여의도동,파크원) 39층지도보기",//mildang.kr/
미스터블루,2022년 2월 10일,-,6 명 재직중,언론·출판·신문·잡지,중소기업,전라남도 순천시 별미길 27-1 (남내동)지도보기,//studio365.kr
아이헤이트플라잉버그스,2012년 2월 6일,"131억 5,544만원 (2022)",457 명 재직중,소프트웨어·솔루션·ASP,중소기업,"서울특별시 영등포구 여의대로 108 (여의도동,파크원) 39층지도보기",//mildang.kr/
비에이치에스엔,2010년 6월 1일,"22억 7,876만원 (2022)",13 명 재직중,소프트웨어·솔루션·ASP,중소기업,"서울특별시 종로구 창경궁로 112-15 201호 (인의동,세일빌딩)지도보기",//www.bhskorea.com
한국평가정보,1986년 12월 31일,-,"2,240 명 재직중",학원·학습지,중견기업,"서울 관악구 보라매로3길 23 (봉천동,대교타워)지도보기",//recruit.daekyo.com/
누리랩,2015년 3월 3일,"22억 3,434만원 (2022)",24 명 재직중,소프트웨어·솔루션·ASP,중소기업,"서울 영등포구 영신로 220 1306호 (영등포동8가,KnK디지털타워)지도보기",//wwww.nurilab.com
뱅크샐러드,2012년 7월 2일,"43억 7,092만원 (2022)",203 명 재직중,소프트웨어·솔루션·ASP,중소기업,"서울특별시 영등포구 여의대로 108 43, 44층(여의도동,파크원)지도보기",//www.banksalad.com
마이크로프로텍트,2020년 3월 26일,-,7 명 재직중,보험·연금,중소기업,,
에쓰오씨소프트,1984년 4월 26일,"108억 3,359만원 (2022)",29 명 재직중,소프트웨어·솔루션·ASP,중소기업,"서울특별시 구로구 디지털로 272 704호 (구로동,한신아이티타워)지도보기",//www.mapinfo.co.kr
에쓰오씨소프트,1984년 4월 26일,"108억 3,359만원 (2022)",29 명 재직중,소프트웨어·솔루션·ASP,중소기업,"서울특별시 구로구 디지털로 272 704호 (구로동,한신아이티타워)지도보기",//www.mapinfo.co.kr
에쓰오씨소프트,1984년 4월 26일,"108억 3,359만원 (2022)",29 명 재직중,소프트웨어·솔루션·ASP,중소기업,"서울특별시 구로구 디지털로 272 704호 (구로동,한신아이티타워)지도보기",//www.mapinfo.co.kr
뱅크샐러드,2012년 7월 2일,"43억 7,092만원 (2022)",203 명 재직중,소프트웨어·솔루션·ASP,중소기업,"서울특별시 영등포구 여의대로 108 43, 44층(여의도동,파크원)지도보기",//www.banksalad.com
패스트뷰,2021년 8월 11일,-,4 명 재직중,생활용품·화장품,중소기업,,
드랩,2020년 6월 17일,"5억 1,564만원 (2019)",3 명 재직중,소프트웨어·솔루션·ASP,중소기업,"경기도 부천시 조마루로385번길 92 1208호 (원미동,부천테크노밸리 유1센터)지도보기",//www.tedlab.kr
엑스페릭스,2017년 4월 3일,"144억 7,035만원 (2022)",71 명 재직중,전기·전자·반도체,중소기업,"경기 성남시 중원구 사기막골로62번길 37 1207호 (상대원동,스타타워)지도보기",//www.xperix.com
가온브로드밴드,2020년 7월 3일,"2,349억 3,281만원 (2022)",142 명 재직중,제조업기타,중견기업,"경기도 성남시 분당구 성남대로 884-3 2층 (야탑동,가온미디어빌딩)지도보기",//www.kaonbroadband.com
바텍,1992년 11월 23일,"238억 9,148만원 (2022)",111 명 재직중,전기·전자·반도체,중소기업,경북 구미시 공단동 293번지지도보기,//www.khvatec.com
에쓰오씨소프트,1984년 4월 26일,"108억 3,359만원 (2022)",29 명 재직중,소프트웨어·솔루션·ASP,중소기업,"서울특별시 구로구 디지털로 272 704호 (구로동,한신아이티타워)지도보기",//www.mapinfo.co.kr
알지티,-,-,9 명 재직중,전기·전자·반도체,,,
이온어스,2020년 2월 4일,"12억 9,961만원 (2022)",18 명 재직중,전기·전자·반도체,중소기업,,
씨드로닉스,2015년 12월 1일,-,-,기계·조선·자동차·운송장비,중소기업,서울특별시 강남구 테헤란로20길 20 삼정빌딩 3층 씨드로닉스 (역삼동)지도보기,//www.seadronix.com
이터널,2021년 12월 17일,120억원 (2022),1 명 재직중,도매·상품중개,중소기업,"서울특별시 송파구 법원로9길 26 에이치비지니스파크 씨동 1011호, 1012호, 1013호, 1014호, 1015호 (문정동)지도보기",//etunnel.net/
이터널,2021년 12월 17일,120억원 (2022),1 명 재직중,도매·상품중개,중소기업,"서울특별시 송파구 법원로9길 26 에이치비지니스파크 씨동 1011호, 1012호, 1013호, 1014호, 1015호 (문정동)지도보기",//etunnel.net/
포커스미디어코리아,2017년 6월 21일,"734억 1,869만원 (2022)",237 명 재직중,방송·광고·영상·오디오,중견기업,"서울특별시 영등포구 여의대로 24 FKI 45층(여의도동,전국경제인연합회회관)지도보기",//www.focusmediakorea.com
제주도닷컴,2003년 10월 12일,"24억 4,820만원 (2022)",23 명 재직중,호텔·여행·항공,중소기업,"서울특별시 구로구 디지털로32길 30 906호 (구로동,코오롱디지털타워빌란트)지도보기",//www.jejuisland.com
씨드로닉스,2015년 12월 1일,-,-,기계·조선·자동차·운송장비,중소기업,서울특별시 강남구 테헤란로20길 20 삼정빌딩 3층 씨드로닉스 (역삼동)지도보기,//www.seadronix.com
럭스소프트코리아,2018년 12월 14일,-,44 명 재직중,소프트웨어·솔루션·ASP,중소기업,,
바텍,1992년 11월 23일,"238억 9,148만원 (2022)",111 명 재직중,전기·전자·반도체,중소기업,경북 구미시 공단동 293번지지도보기,//www.khvatec.com
아이헤이트플라잉버그스,2012년 2월 6일,"131억 5,544만원 (2022)",457 명 재직중,소프트웨어·솔루션·ASP,중소기업,"서울특별시 영등포구 여의대로 108 (여의도동,파크원) 39층지도보기",//mildang.kr/
무신사,2012년 6월 25일,"6,451억 6,211만원 (2022)","1,354 명 재직중",언론·출판·신문·잡지,중견기업,"서울특별시 성동구 아차산로 38 (성수동1가,개풍빌딩)지도보기",//www.musinsa.com
액스,2015년 5월 25일,38억원 (2019),33 명 재직중 (헤드헌터 1 명),용역·인력알선,중소기업,서울특별시 강남구 테헤란로 216 근무지 파주지도보기,//www.pxi365.com
유니드컴즈,2014년 12월 23일,"42억 1,815만원 (2022)",36 명 재직중,소프트웨어·솔루션·ASP,중소기업,서울특별시 마포구 양화로 81 L1층 L105호(패스트파이브 합정점)지도보기,//www.uneedcomms.com
무신사,2012년 6월 25일,"6,451억 6,211만원 (2022)","1,354 명 재직중",언론·출판·신문·잡지,중견기업,"서울특별시 성동구 아차산로 38 (성수동1가,개풍빌딩)지도보기",//www.musinsa.com
무신사,2012년 6월 25일,"6,451억 6,211만원 (2022)","1,354 명 재직중",언론·출판·신문·잡지,중견기업,"서울특별시 성동구 아차산로 38 (성수동1가,개풍빌딩)지도보기",//www.musinsa.com
에그버스,2022년 3월 14일,-,20 명 재직중,소프트웨어·솔루션·ASP,중소기업,,
하이,2005년 2월 4일,"5,598억 1,354만원 (2022)",743 명 재직중,문화·스포츠·엔터테인먼트,중견기업,서울특별시 용산구 한강대로 42 (한강로3가)지도보기,//hybecorp.com/www.hybe.co
하이,2005년 2월 4일,"5,598억 1,354만원 (2022)",743 명 재직중,문화·스포츠·엔터테인먼트,중견기업,서울특별시 용산구 한강대로 42 (한강로3가)지도보기,//hybecorp.com/www.hybe.co
헤세그,2020년 3월 26일,2억 100만원 (2022),8 명 재직중,소프트웨어·솔루션·ASP,중소기업,"서울특별시 서초구 매헌로6길 15 4층 (양재동,두루빌딩)지도보기",//www.hessegg.com
멘티스코,2017년 9월 19일,"19억 4,214만원 (2022)",45 명 재직중,인터넷·포털·컨텐츠·게임,중소기업,서울특별시 강남구 삼성로85길 35-6 목천빌딩 2/3층지도보기,//www.imantisco.com
아더월드,2023년 4월 1일,-,-,인터넷·포털·컨텐츠·게임,중소기업,,
경일게임아카데미,2010년 1월 22일,"2억 8,352만원 (2014)",30 명 재직중,교육·연구및개발,중소기업,"서울특별시 강동구 천호대로 995 제3층1호, 제4층1호 (천호동,금복빌딩)지도보기",//www.kiweb.or.kr
하이,2005년 2월 4일,"5,598억 1,354만원 (2022)",743 명 재직중,문화·스포츠·엔터테인먼트,중견기업,서울특별시 용산구 한강대로 42 (한강로3가)지도보기,//hybecorp.com/www.hybe.co
라이드,-,-,-,네트워크·통신,,,
엑스페릭스,2017년 4월 3일,"144억 7,035만원 (2022)",71 명 재직중,전기·전자·반도체,중소기업,"경기 성남시 중원구 사기막골로62번길 37 1207호 (상대원동,스타타워)지도보기",//www.xperix.com
빅픽처인터렉티브,2015년 4월 6일,"151억 1,737만원 (2022)",140 명 재직중,인터넷·포털·컨텐츠·게임,중소기업,서울특별시 금천구 독산로31길 9 빅픽처인터렉티브지도보기,//www.bigpi.co/
리본솔루션,1999년 12월 18일,17억 463만원 (2012),8 명 재직중,인쇄·기록매체복제업,중소기업,경기도 안양시 동안구 흥안대로 61-1 지층 (호계동)지도보기,//www.elabelmart.com
라이드,-,-,-,네트워크·통신,,,
엑스페릭스,2017년 4월 3일,"144억 7,035만원 (2022)",71 명 재직중,전기·전자·반도체,중소기업,"경기 성남시 중원구 사기막골로62번길 37 1207호 (상대원동,스타타워)지도보기",//www.xperix.com
빅픽처인터렉티브,2015년 4월 6일,"151억 1,737만원 (2022)",140 명 재직중,인터넷·포털·컨텐츠·게임,중소기업,서울특별시 금천구 독산로31길 9 빅픽처인터렉티브지도보기,//www.bigpi.co/
스쿨버스,2018년 4월 27일,"12억 1,399만원 (2022)",42 명 재직중,육상운송,중소기업,"서울특별시 강서구 마곡중앙8로1길 26 (마곡동,(주)캐스트윈마곡신사옥)지도보기",//www.safeschoolbus.net
에이피알,2014년 10월 10일,-,241 명 재직중,유통,중견기업,서울특별시 송파구 올림픽로 300 36층(신천동)지도보기,//www.apr-in.com
에이피알,2014년 10월 10일,-,241 명 재직중,유통,중견기업,서울특별시 송파구 올림픽로 300 36층(신천동)지도보기,//www.apr-in.com
제로엑스플로우,2017년 7월 3일,"2억 1,873만원 (2022)",10 명 재직중,소프트웨어·솔루션·ASP,중소기업,"서울특별시 마포구 마포대로 122 16층 (공덕동,프론트원빌딩)지도보기",//1hour.ai/
더블유클럽,2021년 2월 22일,"42억 1,616만원 (2022)",10 명 재직중,소프트웨어·솔루션·ASP,중소기업,,
컴투스플랫폼,2016년 9월 12일,"258억 6,867만원 (2022)",140 명 재직중,개인서비스,중견기업,"서울특별시 금천구 가산디지털1로 131 A동 22층 (가산동,비와이씨하이시티빌딩)지도보기",//www.com2usplatform.com
라텔앤드파트너즈,2020년 7월 9일,"33억 2,945만원 (2021)",36 명 재직중,방송·광고·영상·오디오,중소기업,,
라텔앤드파트너즈,2020년 7월 9일,"33억 2,945만원 (2021)",36 명 재직중,방송·광고·영상·오디오,중소기업,,
여기어때컴퍼니,2015년 9월 21일,"3,058억 7,906만원 (2022)",571 명 재직중,인터넷·포털·컨텐츠·게임,중견기업,서울특별시 강남구 봉은사로 479 11층 (삼성동)지도보기,//www.gccompany.co.kr
디케이테크인,2009,-,-,전기·전자·반도체,소기업,,
디어유,2017년 7월 4일,"491억 9,386만원 (2022)",95 명 재직중,소프트웨어·솔루션·ASP,대기업,서울특별시 강남구 학동로25길 37 (논현동)지도보기,//www.dear-u.co
수커뮤니케이션,2013년 1월 3일,-,12 명 재직중,언론·출판·신문·잡지,중소기업,"서울특별시 마포구 동교로23길 41 3층 (동교동,골드빌딩)지도보기",//meetthesun.co.kr
에이아이썸,2013년 7월 25일,"21억 4,443만원 (2022)",18 명 재직중,인터넷·포털·컨텐츠·게임,중소기업,"서울특별시 강남구 선릉로 578 (삼성동,태정빌딩 6층)지도보기",//www.piclick.me
선후,2018년 8월 10일,"4억 9,345만원 (2022)",11 명 재직중,전기·전자·반도체,중소기업,,
네이처프라임,2018년 5월 9일,"157억 7,370만원 (2022)",18 명 재직중,도매·상품중개,중소기업,경기도 포천시 가산면 가산로96번길 44-1 네이처프라임지도보기,//www.natureprime.co.kr
머니투데이,2000년 1월 1일,"724억 7,373만원 (2022)",358 명 재직중,언론·출판·신문·잡지,중견기업,서울특별시 종로구 청계천로 11 (서린동)지도보기,//www.mt.co.kr
머니투데이,2000년 1월 1일,"724억 7,373만원 (2022)",358 명 재직중,언론·출판·신문·잡지,중견기업,서울특별시 종로구 청계천로 11 (서린동)지도보기,//www.mt.co.kr
아파트아이,2018년 1월 2일,-,2 명 재직중,전기·설비·환경·플랜트,중소기업,,
니어브레인,2022년 2월 17일,-,4 명 재직중,소프트웨어·솔루션·ASP,중소기업,,
인터엑스,2010년 7월 30일,"13억 2,825만원 (2022)",11 명 재직중,소프트웨어·솔루션·ASP,중소기업,경기 성남시 분당구 수내동 20-2 초림프라자 308호지도보기,//www.interxsoft.com
경일게임아카데미,2010년 1월 22일,"2억 8,352만원 (2014)",30 명 재직중,교육·연구및개발,중소기업,"서울특별시 강동구 천호대로 995 제3층1호, 제4층1호 (천호동,금복빌딩)지도보기",//www.kiweb.or.kr
인터엑스,2010년 7월 30일,"13억 2,825만원 (2022)",11 명 재직중,소프트웨어·솔루션·ASP,중소기업,경기 성남시 분당구 수내동 20-2 초림프라자 308호지도보기,//www.interxsoft.com
에스티엘,2013년 3월 1일,"6,358억 3,963만원 (2022)","1,694 명 재직중",의약품·의료용품·바이오,중견기업,서울 동대문구 천호대로 64 (용두동)지도보기,//www.donga-st.com
씨드로닉스,2015년 12월 1일,-,-,기계·조선·자동차·운송장비,중소기업,서울특별시 강남구 테헤란로20길 20 삼정빌딩 3층 씨드로닉스 (역삼동)지도보기,//www.seadronix.com
플루언트,2021년 7월 27일,"1,800만원 (2022)",2 명 재직중,소프트웨어·솔루션·ASP,중소기업,,
플루언트,2021년 7월 27일,"1,800만원 (2022)",2 명 재직중,소프트웨어·솔루션·ASP,중소기업,,
블루닷,2020년 11월 25일,-,-,교육기관,소기업,,
블루닷,2020년 11월 25일,-,-,교육기관,소기업,,
블루닷,2020년 11월 25일,-,-,교육기관,소기업,,
블루닷,2020년 11월 25일,-,-,교육기관,소기업,,
일만백만,2021년 12월 31일,"3억 6,900만원 (2022)",2 명 재직중,소프트웨어·솔루션·ASP,중소기업,,
블루닷,2020년 11월 25일,-,-,교육기관,소기업,,
블루닷,2020년 11월 25일,-,-,교육기관,소기업,,
드리븐,2018년 5월 15일,"31억 9,302만원 (2022)",10 명 재직중,방송·광고·영상·오디오,중소기업,"서울특별시 강남구 선릉로145길 13 202호 (논현동,럭스웨이빌딩)지도보기",//www.alivaad.com
하이,2005년 2월 4일,"5,598억 1,354만원 (2022)",743 명 재직중,문화·스포츠·엔터테인먼트,중견기업,서울특별시 용산구 한강대로 42 (한강로3가)지도보기,//hybecorp.com/www.hybe.co
로위랩코리아,2019년 1월 4일,"8억 4,093만원 (2022)",12 명 재직중,방송·광고·영상·오디오,중소기업,서울특별시 강남구 강남대로162길 20 3층지도보기,//rowilab.com
퀀티파이드이에스지,2019년 6월 25일,"15억 8,421만원 (2022)",-,소프트웨어·솔루션·ASP,중소기업,"서울특별시 종로구 새문안로3길 12 4층 (신문로1가,신문로빌딩)지도보기",//qesg.co.kr
코넥시오에이치,2020년 3월 25일,"7,431만원 (2022)",15 명 재직중,소프트웨어·솔루션·ASP,중소기업,광주광역시 동구 금남로 193-22 광주AI창업캠프 1호 202호(금남로4가)지도보기,//www.connexioh.net
위시빈,2018년 2월 23일,749만원 (2022),20 명 재직중,인터넷·포털·컨텐츠·게임,중소기업,"서울특별시 중구 남대문로7길 16 (소공동,소공 한국빌딩) 5층지도보기",//www.wishbeen.co.kr/
대교,1986년 12월 31일,-,"2,240 명 재직중",학원·학습지,중견기업,"서울 관악구 보라매로3길 23 (봉천동,대교타워)지도보기",//recruit.daekyo.com/
대교,1986년 12월 31일,-,"2,240 명 재직중",학원·학습지,중견기업,"서울 관악구 보라매로3길 23 (봉천동,대교타워)지도보기",//recruit.daekyo.com/
무신사,2012년 6월 25일,"6,451억 6,211만원 (2022)","1,354 명 재직중",언론·출판·신문·잡지,중견기업,"서울특별시 성동구 아차산로 38 (성수동1가,개풍빌딩)지도보기",//www.musinsa.com
무신사,2012년 6월 25일,"6,451억 6,211만원 (2022)","1,354 명 재직중",언론·출판·신문·잡지,중견기업,"서울특별시 성동구 아차산로 38 (성수동1가,개풍빌딩)지도보기",//www.musinsa.com
무신사,2012년 6월 25일,"6,451억 6,211만원 (2022)","1,354 명 재직중",언론·출판·신문·잡지,중견기업,"서울특별시 성동구 아차산로 38 (성수동1가,개풍빌딩)지도보기",//www.musinsa.com
에드워드코리아,1992년 9월 1일,"1조 236억 5,598만원 (2022)","1,441 명 재직중",기계·조선·자동차·운송장비,중견기업,충남 천안시 서북구 3공단1로 96 (차암동)지도보기,//www.edwardsvacuum.com
퀀텀유니버스,2020년 8월 4일,"7억 5,094만원 (2022)",19 명 재직중,소프트웨어·솔루션·ASP,중소기업,,
브로즈,2022년 12월 15일,"7,000만원",8 명 재직중,소프트웨어·솔루션·ASP,중소기업,경기도 성남시 수정구 청계산로 686 (고등동) 반도아이비밸리 818호지도보기,//www.seoulbroz.com
씨드로닉스,2015년 12월 1일,-,-,기계·조선·자동차·운송장비,중소기업,서울특별시 강남구 테헤란로20길 20 삼정빌딩 3층 씨드로닉스 (역삼동)지도보기,//www.seadronix.com
큐픽스,2015년 8월 19일,28억 419만원 (2022),59 명 재직중,소프트웨어·솔루션·ASP,중소기업,"경기도 성남시 분당구 대왕판교로 670 B동 605호 (삼평동,유스페이스2)지도보기",//www.cupix.com
인터엑스,2010년 7월 30일,"13억 2,825만원 (2022)",11 명 재직중,소프트웨어·솔루션·ASP,중소기업,경기 성남시 분당구 수내동 20-2 초림프라자 308호지도보기,//www.interxsoft.com
인터엑스,2010년 7월 30일,"13억 2,825만원 (2022)",11 명 재직중,소프트웨어·솔루션·ASP,중소기업,경기 성남시 분당구 수내동 20-2 초림프라자 308호지도보기,//www.interxsoft.com
일루니,2010년 9월 17일,11억 315만원 (2022),5 명 재직중,전기·전자·반도체,중소기업,"경기 부천시 석천로 397 101동 1211호 (삼정동,부천테크노파크쌍용3차)지도보기",//www.dl-ing.co.kr
바텍,1992년 11월 23일,"238억 9,148만원 (2022)",111 명 재직중,전기·전자·반도체,중소기업,경북 구미시 공단동 293번지지도보기,//www.khvatec.com
바텍,1992년 11월 23일,"238억 9,148만원 (2022)",111 명 재직중,전기·전자·반도체,중소기업,경북 구미시 공단동 293번지지도보기,//www.khvatec.com
퀀텀유니버스,2020년 8월 4일,"7억 5,094만원 (2022)",19 명 재직중,소프트웨어·솔루션·ASP,중소기업,,
니어브레인,2022년 2월 17일,-,4 명 재직중,소프트웨어·솔루션·ASP,중소기업,,
니어브레인,2022년 2월 17일,-,4 명 재직중,소프트웨어·솔루션·ASP,중소기업,,
인터엑스,2010년 7월 30일,"13억 2,825만원 (2022)",11 명 재직중,소프트웨어·솔루션·ASP,중소기업,경기 성남시 분당구 수내동 20-2 초림프라자 308호지도보기,//www.interxsoft.com
인터엑스,2010년 7월 30일,"13억 2,825만원 (2022)",11 명 재직중,소프트웨어·솔루션·ASP,중소기업,경기 성남시 분당구 수내동 20-2 초림프라자 308호지도보기,//www.interxsoft.com
일루니,2010년 9월 17일,11억 315만원 (2022),5 명 재직중,전기·전자·반도체,중소기업,"경기 부천시 석천로 397 101동 1211호 (삼정동,부천테크노파크쌍용3차)지도보기",//www.dl-ing.co.kr
니어브레인,2022년 2월 17일,-,4 명 재직중,소프트웨어·솔루션·ASP,중소기업,,
인터엑스,2010년 7월 30일,"13억 2,825만원 (2022)",11 명 재직중,소프트웨어·솔루션·ASP,중소기업,경기 성남시 분당구 수내동 20-2 초림프라자 308호지도보기,//www.interxsoft.com
잉카엔트웍스,2000년 10월 5일,"46억 1,808만원 (2022)",62 명 재직중,소프트웨어·솔루션·ASP,중소기업,서울특별시 용산구 한강대로44길 16 (한강로2가) 잉카엔트웍스지도보기,//www.inka.co.kr
아이오바이오,2011년 8월 9일,"11억 9,139만원 (2022)",34 명 재직중,의료·정밀·시계·광학기기,중소기업,"서울특별시 강남구 테헤란로4길 38 8층 801호 (역삼동,태영빌딩)지도보기",//www.aiobio.co.kr
페칭,2019년 12월 19일,"8,891만원 (2022)",6 명 재직중,소프트웨어·솔루션·ASP,중소기업,"서울특별시 서초구 사평대로55길 33 301호 (반포동,진석빌딩)지도보기",//www.fetching.co.kr
와들,2021년 3월 16일,-,5 명 재직중,섬유·의복·모피,소기업,,
월급쟁이부자들,2018년 3월 27일,"239억 9,393만원 (2022)",-,교육기관,중소기업,서울특별시 강남구 역삼1동 834-8번지 2층지도보기,//cafe.naver.com/wecando7
월급쟁이부자들,2018년 3월 27일,"239억 9,393만원 (2022)",-,교육기관,중소기업,서울특별시 강남구 역삼1동 834-8번지 2층지도보기,//cafe.naver.com/wecando7
더블유클럽,2021년 2월 22일,"42억 1,616만원 (2022)",10 명 재직중,소프트웨어·솔루션·ASP,중소기업,,
무신사,2012년 6월 25일,"6,451억 6,211만원 (2022)","1,354 명 재직중",언론·출판·신문·잡지,중견기업,"서울특별시 성동구 아차산로 38 (성수동1가,개풍빌딩)지도보기",//www.musinsa.com
큐픽스,2015년 8월 19일,28억 419만원 (2022),59 명 재직중,소프트웨어·솔루션·ASP,중소기업,"경기도 성남시 분당구 대왕판교로 670 B동 605호 (삼평동,유스페이스2)지도보기",//www.cupix.com
아이오바이오,2011년 8월 9일,"11억 9,139만원 (2022)",34 명 재직중,의료·정밀·시계·광학기기,중소기업,"서울특별시 강남구 테헤란로4길 38 8층 801호 (역삼동,태영빌딩)지도보기",//www.aiobio.co.kr
